_id,load_ts,time,user
63d0645bff66ba4819dba815,2023-01-24T23:06:03.558Z,01:30,Oliver Folkard
63d07c58baebc0056094daf0,2023-01-25T00:48:24.087Z,05:13,Harvey Williams
63d0fb3abeec03b2566fd7da,2023-01-25T09:49:46.283Z,02:50,Joe
63d134e6baebc0056094daf6,2023-01-25T13:55:50.303Z,02:25,Oliver Folkard
63d14f38baebc0056094dafa,2023-01-25T15:48:08.902Z,03:18,George Sheen
63d16b6dbaebc0056094dafe,2023-01-25T17:48:29.930Z,01:16,Tom
63d1718cbaebc0056094db03,2023-01-25T18:14:36.493Z,12:07,Sazzle
63d24a92beec03b2566fd7e0,2023-01-26T09:40:34.093Z,01:02,Joe
63d24f3bbaebc0056094db0d,2023-01-26T10:00:27.109Z,03:12,Tom
63d282b8beec03b2566fd7e8,2023-01-26T13:40:08.475Z,00:38,George Sheen
63d2e21fbaebc0056094db11,2023-01-26T20:27:11.264Z,11:26,Sazzle
63d2e3a6beec03b2566fd7ed,2023-01-26T20:33:42.107Z,01:06,Oliver Folkard
63d3090ebeec03b2566fd7f2,2023-01-26T23:13:18.157Z,01:03,Harvey Williams
63d3c7afbeec03b2566fd7f6,2023-01-27T12:46:39.474Z,06:28,Joe
63d3c941beec03b2566fd7f9,2023-01-27T12:53:21.250Z,02:56,Oliver Folkard
63d3dcf7beec03b2566fd7fe,2023-01-27T14:17:27.940Z,14:36,Tom
63d4e130beec03b2566fd802,2023-01-28T08:47:44.136Z,03:13,Tom
63d4e3a3baebc0056094db1d,2023-01-28T08:58:11.366Z,00:56,Joe
63d4f0cebeec03b2566fd808,2023-01-28T09:54:22.791Z,10:29,Sazzle
63d4f3a9baebc0056094db26,2023-01-28T10:06:33.734Z,00:58,George Sheen
63d4f709baebc0056094db28,2023-01-28T10:20:57.702Z,01:32,Harvey Williams
63d52849beec03b2566fd80e,2023-01-28T13:51:05.417Z,01:22,Oliver Folkard
63d67826beec03b2566fd813,2023-01-29T13:44:06.392Z,22:15,Tom
63d6c5c9beec03b2566fd818,2023-01-29T19:15:21.995Z,02:27,Joe
63d6cedebeec03b2566fd81c,2023-01-29T19:54:06.713Z,01:48,Oliver Folkard
63d6f65bbaebc0056094db31,2023-01-29T22:42:35.160Z,08:47,Harvey Williams
63d784debaebc0056094db35,2023-01-30T08:50:38.649Z,01:29,Tom
63d7a3e0beec03b2566fd824,2023-01-30T11:02:56.558Z,01:01,Joe
63d7a850baebc0056094db39,2023-01-30T11:21:52.082Z,04:02,Harvey Williams
63d7c283baebc0056094db3d,2023-01-30T13:13:39.218Z,00:59,Oliver Folkard
63d7cb2dbeec03b2566fd82b,2023-01-30T13:50:37.821Z,01:38,George Sheen
63d83ff4beec03b2566fd82f,2023-01-30T22:08:52.567Z,05:28,Sazzle
63d8ea14baebc0056094db42,2023-01-31T10:14:44.482Z,04:16,Joe
63d8ef7bbaebc0056094db46,2023-01-31T10:37:47.795Z,00:59,George Sheen
63d91d96baebc0056094db4a,2023-01-31T13:54:30.785Z,01:39,Oliver Folkard
63d9919abeec03b2566fd835,2023-01-31T22:09:30.427Z,10:56,Sazzle
63da13b5baebc0056094db4f,2023-02-01T07:24:37.758Z,03:35,Tom
63da4274beec03b2566fd839,2023-02-01T10:44:04.828Z,02:22,George Sheen
63da6c59baebc0056094db53,2023-02-01T13:42:49.817Z,01:59,Joe
63da6d0bbaebc0056094db58,2023-02-01T13:45:47.343Z,05:00,Oliver Folkard
63db7492baebc0056094db5d,2023-02-02T08:30:10.599Z,02:33,Tom
63db842cbeec03b2566fd83f,2023-02-02T09:36:44.806Z,01:39,Harvey Williams
63db8b80baebc0056094db61,2023-02-02T10:08:00.002Z,00:44,Joe
63dbd48fbeec03b2566fd846,2023-02-02T15:19:43.319Z,00:47,George Sheen
63dc3ecbbeec03b2566fd84a,2023-02-02T22:52:59.999Z,06:34,Sazzle
63dc652abaebc0056094db66,2023-02-03T01:36:42.948Z,02:09,Harvey Williams
63dcdb45beec03b2566fd84f,2023-02-03T10:00:37.918Z,01:24,Tom
63dce4b9baebc0056094db6b,2023-02-03T10:40:57.551Z,01:55,Joe
63dcf913baebc0056094db6f,2023-02-03T12:07:47.484Z,02:25,George Sheen
63dd244fbaebc0056094db73,2023-02-03T15:12:15.260Z,03:40,Sazzle
63ddaf03beec03b2566fd855,2023-02-04T01:04:03.753Z,08:50,Tom
63de1b85beec03b2566fd859,2023-02-04T08:47:01.515Z,01:03,Joe
63de5874baebc0056094db7c,2023-02-04T13:07:00.679Z,00:51,Oliver Folkard
63de66c5beec03b2566fd861,2023-02-04T14:08:05.201Z,02:59,Harvey Williams
63df2ec1beec03b2566fd865,2023-02-05T04:21:21.781Z,03:52,Tom
63dfa697beec03b2566fd868,2023-02-05T12:52:39.297Z,01:30,Harvey Williams
63dfbe57baebc0056094db84,2023-02-05T14:33:59.072Z,01:30,George Sheen
63e02c9cbeec03b2566fd86e,2023-02-05T22:24:28.875Z,08:56,Sazzle
63e0336dbaebc0056094db88,2023-02-05T22:53:33.800Z,01:08,Oliver Folkard
63e0387bbeec03b2566fd872,2023-02-05T23:15:07.165Z,03:33,Joe
63e0b1bdbaebc0056094db8e,2023-02-06T07:52:29.772Z,00:45,Joe
63e0b8a7beec03b2566fd878,2023-02-06T08:21:59.010Z,01:05,Tom
63e104c7beec03b2566fd87d,2023-02-06T13:46:47.586Z,00:44,George Sheen
63e1078cbaebc0056094db93,2023-02-06T13:58:36.291Z,00:51,Oliver Folkard
63e16708baebc0056094db97,2023-02-06T20:46:00.659Z,04:03,Sazzle
63e1804dbeec03b2566fd883,2023-02-06T22:33:49.536Z,01:28,Harvey Williams
63e221edbeec03b2566fd887,2023-02-07T10:03:25.468Z,01:15,Tom
63e2263bbaebc0056094db9b,2023-02-07T10:21:47.546Z,02:13,Harvey Williams
63e24ed6beec03b2566fd88f,2023-02-07T13:15:02.843Z,00:38,George Sheen
63e25335baebc0056094db9d,2023-02-07T13:33:41.244Z,00:30,Oliver Folkard
63e26105beec03b2566fd895,2023-02-07T14:32:37.611Z,00:39,Joe
63e36cffbeec03b2566fd899,2023-02-08T09:35:59.360Z,02:07,Joe
63e3953abaebc0056094dba6,2023-02-08T12:27:38.554Z,01:17,Tom
63e3a339baebc0056094dba9,2023-02-08T13:27:21.696Z,17:23,Oliver Folkard
63e3a485beec03b2566fd8a1,2023-02-08T13:32:53.865Z,01:58,George Sheen
63e41746baebc0056094dbb0,2023-02-08T21:42:30.825Z,05:38,Sazzle
63e41f66baebc0056094dbb3,2023-02-08T22:17:10.558Z,06:00,Harvey Williams
63e4c843baebc0056094dbb7,2023-02-09T10:17:39.846Z,02:33,George Sheen
63e4c951beec03b2566fd8a8,2023-02-09T10:22:09.769Z,01:33,Joe
63e4d17ebeec03b2566fd8ae,2023-02-09T10:57:02.566Z,16:11,Harvey Williams
63e4d19abaebc0056094dbbe,2023-02-09T10:57:30.688Z,03:28,Oliver Folkard
63e4dd7dbaebc0056094dbc2,2023-02-09T11:48:13.813Z,01:57,Tom
63e60fd3baebc0056094dbc7,2023-02-10T09:35:15.546Z,00:25,Joe
63e615aabeec03b2566fd8b7,2023-02-10T10:00:10.577Z,01:24,Tom
63e619f8baebc0056094dbce,2023-02-10T10:18:32.952Z,01:10,Harvey Williams
63e7a3a6beec03b2566fd8bc,2023-02-11T14:18:14.884Z,00:33,Joe
63e7ab70beec03b2566fd8c2,2023-02-11T14:51:28.856Z,01:29,Harvey Williams
63e7f18fbaebc0056094dbd3,2023-02-11T19:50:39.135Z,01:00,Oliver Folkard
63e8e523baebc0056094dbd7,2023-02-12T13:09:55.819Z,05:09,Tom
63e8fed6beec03b2566fd8c6,2023-02-12T14:59:34.649Z,07:14,Sazzle
63e93818beec03b2566fd8cb,2023-02-12T19:03:52.493Z,03:21,Harvey Williams
63e95f34baebc0056094dbde,2023-02-12T21:50:44.429Z,01:12,Oliver Folkard
63e964f7baebc0056094dbe3,2023-02-12T22:15:19.757Z,04:01,Joe
63ea271dbeec03b2566fd8d1,2023-02-13T12:03:41.027Z,00:59,Joe
63ea2bd4baebc0056094dbe8,2023-02-13T12:23:48.739Z,02:05,Harvey Williams
63ea2cbdbaebc0056094dbeb,2023-02-13T12:27:41.887Z,00:54,Tom
63ea3977baebc0056094dbf0,2023-02-13T13:21:59.620Z,00:49,Oliver Folkard
63ea72a1beec03b2566fd8db,2023-02-13T17:25:53.540Z,00:48,George Sheen
63eac1e8beec03b2566fd8dd,2023-02-13T23:04:08.053Z,05:24,Sazzle
63ead121baebc0056094dbf9,2023-02-14T00:09:05.372Z,06:03,Tom
63eadfdebaebc0056094dbfe,2023-02-14T01:11:58.881Z,11:01,Harvey Williams
63eadfe3beec03b2566fd8e0,2023-02-14T01:12:03.578Z,03:31,Oliver Folkard
63eafd83baebc0056094dc02,2023-02-14T03:18:27.731Z,01:37,George Sheen
63eb524dbeec03b2566fd8e7,2023-02-14T09:20:13.527Z,03:21,Joe
63ec2003baebc0056094dc06,2023-02-14T23:57:55.200Z,11:11,Sazzle
63ec22c1beec03b2566fd8ee,2023-02-15T00:09:37.825Z,03:24,Tom
63ec2d62beec03b2566fd8f2,2023-02-15T00:54:58.882Z,00:48,Harvey Williams
63ec7978baebc0056094dc0c,2023-02-15T06:19:36.431Z,01:56,George Sheen
63eca808baebc0056094dc0e,2023-02-15T09:38:16.222Z,00:54,Joe
63ecf53cbeec03b2566fd8f9,2023-02-15T15:07:40.482Z,01:10,Oliver Folkard
63ed5f6abaebc0056094dc15,2023-02-15T22:40:42.041Z,03:19,Sazzle
63edeabdbaebc0056094dc19,2023-02-16T08:35:09.037Z,03:23,Joe
63edf2dbbeec03b2566fd8fe,2023-02-16T09:09:47.529Z,04:29,Tom
63ee5266baebc0056094dc1f,2023-02-16T15:57:26.173Z,02:00,Harvey Williams
63ee5981baebc0056094dc21,2023-02-16T16:27:45.576Z,00:53,George Sheen
63ef5f2abeec03b2566fd905,2023-02-17T11:04:10.520Z,01:37,Joe
63ef6544beec03b2566fd90a,2023-02-17T11:30:12.575Z,01:49,Tom
63ef87a1baebc0056094dc2a,2023-02-17T13:56:49.561Z,01:05,Oliver Folkard
63ef9fb2beec03b2566fd90f,2023-02-17T15:39:30.767Z,00:58,George Sheen
63efa17abaebc0056094dc2e,2023-02-17T15:47:06.582Z,03:55,Harvey Williams
63efbb9fbeec03b2566fd912,2023-02-17T17:38:39.217Z,05:37,Sazzle
63f091fabaebc0056094dc34,2023-02-18T08:53:14.718Z,02:35,Tom
63f093dcbeec03b2566fd915,2023-02-18T09:01:16.332Z,02:21,Joe
63f0951abeec03b2566fd919,2023-02-18T09:06:34.416Z,13:21,Sazzle
63f0e710baebc0056094dc3a,2023-02-18T14:56:16.292Z,01:01,George Sheen
63f0e7e0baebc0056094dc3e,2023-02-18T14:59:44.148Z,04:22,Harvey Williams
63f21940beec03b2566fd91f,2023-02-19T12:42:40.029Z,02:23,Tom
63f21de7baebc0056094dc41,2023-02-19T13:02:31.179Z,01:29,Joe
63f22999beec03b2566fd926,2023-02-19T13:52:25.803Z,01:21,Harvey Williams
63f22b72baebc0056094dc45,2023-02-19T14:00:18.862Z,07:43,George Sheen
63f22cf9baebc0056094dc49,2023-02-19T14:06:49.556Z,10:07,Sazzle
63f23782baebc0056094dc4c,2023-02-19T14:51:46.154Z,01:26,Oliver Folkard
63f33e90baebc0056094dc51,2023-02-20T09:34:08.898Z,01:38,Tom
63f34ac8beec03b2566fd92f,2023-02-20T10:26:16.488Z,01:17,Joe
63f35117beec03b2566fd932,2023-02-20T10:53:11.077Z,00:47,George Sheen
63f3513abaebc0056094dc58,2023-02-20T10:53:46.132Z,01:26,Harvey Williams
63f3718dbaebc0056094dc5e,2023-02-20T13:11:41.055Z,01:12,Oliver Folkard
63f3bb11baebc0056094dc61,2023-02-20T18:25:21.171Z,03:49,Sazzle
63f48fd5beec03b2566fd93a,2023-02-21T09:33:09.880Z,01:19,Joe
63f4908dbaebc0056094dc63,2023-02-21T09:36:13.325Z,02:19,Harvey Williams
63f494dabeec03b2566fd940,2023-02-21T09:54:34.084Z,04:44,Tom
63f4a07fbaebc0056094dc69,2023-02-21T10:44:15.448Z,01:44,George Sheen
63f4c492baebc0056094dc6b,2023-02-21T13:18:10.363Z,01:05,Oliver Folkard
63f54672beec03b2566fd947,2023-02-21T22:32:18.677Z,06:11,Sazzle
63f5f15fbeec03b2566fd94b,2023-02-22T10:41:35.412Z,02:14,Joe
63f5fe0ebaebc0056094dc70,2023-02-22T11:35:42.618Z,03:38,Tom
63f60f50baebc0056094dc75,2023-02-22T12:49:20.647Z,00:55,George Sheen
63f6890bbeec03b2566fd953,2023-02-22T21:28:43.884Z,03:28,Sazzle
63f68919beec03b2566fd957,2023-02-22T21:28:57.867Z,00:30,Oliver Folkard
63f6aeb0baebc0056094dc78,2023-02-23T00:09:20.857Z,02:16,George Sheen
63f71723beec03b2566fd95d,2023-02-23T07:34:59.959Z,05:16,Tom
63f7d6f7baebc0056094dc7f,2023-02-23T21:13:27.626Z,04:46,Joe
63f7d81bbaebc0056094dc84,2023-02-23T21:18:19.254Z,39:50,Harvey Williams
63f7db30baebc0056094dc87,2023-02-23T21:31:28.147Z,03:29,Oliver Folkard
63f885a4beec03b2566fd964,2023-02-24T09:38:44.784Z,01:06,Joe
63f88742baebc0056094dc8e,2023-02-24T09:45:38.971Z,04:48,Harvey Williams
63f8b1e1baebc0056094dc91,2023-02-24T12:47:29.429Z,01:31,George Sheen
63f8b87dbeec03b2566fd969,2023-02-24T13:15:41.259Z,01:07,Oliver Folkard
63f903f6beec03b2566fd96c,2023-02-24T18:37:42.404Z,07:23,Tom
63f93a2cbeec03b2566fd971,2023-02-24T22:29:00.964Z,11:36,Sazzle
63f9c601beec03b2566fd974,2023-02-25T08:25:37.429Z,01:35,Joe
63f9d155baebc0056094dc9b,2023-02-25T09:13:57.336Z,13:29,Tom
63f9f960baebc0056094dc9e,2023-02-25T12:04:48.656Z,01:32,George Sheen
63f9fbe5baebc0056094dca1,2023-02-25T12:15:33.627Z,05:58,Harvey Williams
63fa643f0e05a672f8a34d3f,2023-02-25T19:40:47.261Z,13:37,Sazzle
63fa93b22e23ec471aede754,2023-02-25T23:03:14.519Z,02:33,Oliver Folkard
63fac9d00e05a672f8a34d44,2023-02-26T02:54:08.036Z,01:23,Harvey Williams
63fb20062e23ec471aede75a,2023-02-26T09:01:58.207Z,03:28,Tom
63fb28050e05a672f8a34d49,2023-02-26T09:36:05.666Z,01:01,Joe
63fb37c60e05a672f8a34d4d,2023-02-26T10:43:18.154Z,01:58,George Sheen
63fb3fe02e23ec471aede762,2023-02-26T11:17:52.411Z,07:34,Sazzle
63fb5c1a2e23ec471aede767,2023-02-26T13:18:18.789Z,00:45,Oliver Folkard
63fc4a1b2e23ec471aede76b,2023-02-27T06:13:47.100Z,02:24,Tom
63fcb5872e23ec471aede76e,2023-02-27T13:52:07.662Z,00:36,Oliver Folkard
63fcf5040e05a672f8a34d54,2023-02-27T18:23:00.997Z,01:15,Harvey Williams
63fd31d62e23ec471aede772,2023-02-27T22:42:30.253Z,05:25,Sazzle
63fdc9140e05a672f8a34d5a,2023-02-28T09:27:48.282Z,03:17,Joe
63fdd8122e23ec471aede779,2023-02-28T10:31:46.488Z,06:48,George Sheen
63fde8f32e23ec471aede77d,2023-02-28T11:43:47.230Z,02:58,Harvey Williams
63fde9490e05a672f8a34d5e,2023-02-28T11:45:13.300Z,02:42,Oliver Folkard
63fe36b62e23ec471aede784,2023-02-28T17:15:34.676Z,06:17,Tom
63fef2e32e23ec471aede788,2023-03-01T06:38:27.101Z,02:21,Tom
63ff0e842e23ec471aede78c,2023-03-01T08:36:20.726Z,01:00,Joe
63ff1c152e23ec471aede78f,2023-03-01T09:34:13.030Z,00:56,Harvey Williams
63ff4ec20e05a672f8a34d67,2023-03-01T13:10:26.623Z,00:30,Oliver Folkard
63ff9f160e05a672f8a34d6c,2023-03-01T18:53:10.943Z,00:41,George Sheen
64004e780e05a672f8a34d6e,2023-03-02T07:21:28.598Z,02:46,Tom
640074500e05a672f8a34d72,2023-03-02T10:02:56.535Z,01:07,George Sheen
64007ff60e05a672f8a34d74,2023-03-02T10:52:38.502Z,01:23,Joe
64008ca80e05a672f8a34d79,2023-03-02T11:46:48.572Z,01:41,Harvey Williams
6400a6772e23ec471aede79c,2023-03-02T13:36:55.110Z,00:50,Oliver Folkard
6400fd4f0e05a672f8a34d7e,2023-03-02T19:47:27.143Z,05:30,Sazzle
6401c4bb0e05a672f8a34d82,2023-03-03T09:58:19.299Z,00:55,Joe
6401e8ef0e05a672f8a34d85,2023-03-03T12:32:47.172Z,02:18,Harvey Williams
6401ec302e23ec471aede7a4,2023-03-03T12:46:40.728Z,00:44,George Sheen
6401f18d0e05a672f8a34d8a,2023-03-03T13:09:33.688Z,00:26,Oliver Folkard
6402396b0e05a672f8a34d8e,2023-03-03T18:16:11.678Z,01:41,Tom
6402432d0e05a672f8a34d91,2023-03-03T18:57:49.566Z,03:37,Sazzle
6403263d2e23ec471aede7ab,2023-03-04T11:06:37.349Z,00:47,Joe
64032f7e2e23ec471aede7b1,2023-03-04T11:46:06.949Z,01:03,Oliver Folkard
64033a9c0e05a672f8a34d97,2023-03-04T12:33:32.984Z,01:07,George Sheen
64033ebd0e05a672f8a34d9b,2023-03-04T12:51:09.853Z,05:11,Tom
64034f9a2e23ec471aede7b7,2023-03-04T14:03:06.832Z,02:41,Harvey Williams
6403bafc2e23ec471aede7bb,2023-03-04T21:41:16.472Z,09:12,Sazzle
6403dd2c0e05a672f8a34d9f,2023-03-05T00:07:08.333Z,02:07,Harvey Williams
6403ddfc2e23ec471aede7c3,2023-03-05T00:10:36.254Z,01:39,Tom
6403de0a2e23ec471aede7c8,2023-03-05T00:10:50.447Z,01:13,Oliver Folkard
6404adb80e05a672f8a34da2,2023-03-05T14:56:56.781Z,08:21,Joe
64059ae42e23ec471aede7ce,2023-03-06T07:48:52.467Z,03:10,Joe
6405e6db2e23ec471aede7d2,2023-03-06T13:12:59.326Z,00:47,George Sheen
6405e8cd0e05a672f8a34da8,2023-03-06T13:21:17.582Z,03:40,Tom
64070b5b0e05a672f8a34dab,2023-03-07T10:00:59.472Z,01:41,Joe
640723d12e23ec471aede7da,2023-03-07T11:45:21.862Z,01:53,Tom
64072ab22e23ec471aede7de,2023-03-07T12:14:42.062Z,01:09,George Sheen
64072da82e23ec471aede7e0,2023-03-07T12:27:20.820Z,02:10,Harvey Williams
640757ef2e23ec471aede7f0,2023-03-07T15:27:43.563Z,04:55,Oliver Folkard
6407ba902e23ec471aede7f4,2023-03-07T22:28:32.207Z,03:41,Sazzle
640853552e23ec471aede7f7,2023-03-08T09:20:21.367Z,00:44,Joe
6408774b0e05a672f8a34dc0,2023-03-08T11:53:47.579Z,00:36,George Sheen
6408805a0e05a672f8a34dc4,2023-03-08T12:32:26.756Z,03:25,Harvey Williams
640881092e23ec471aede7fb,2023-03-08T12:35:21.001Z,01:10,Tom
640889f50e05a672f8a34dcb,2023-03-08T13:13:25.406Z,00:39,Oliver Folkard
64099a340e05a672f8a34dcf,2023-03-09T08:35:00.803Z,02:31,Tom
6409a8c42e23ec471aede801,2023-03-09T09:37:08.640Z,01:16,Joe
6409d8b72e23ec471aede805,2023-03-09T13:01:43.580Z,01:46,George Sheen
6409d9980e05a672f8a34dd5,2023-03-09T13:05:28.801Z,00:54,Harvey Williams
640a4d230e05a672f8a34dd8,2023-03-09T21:18:27.693Z,04:05,Sazzle
640b05020e05a672f8a34ddc,2023-03-10T10:22:58.224Z,06:43,Harvey Williams
640b09870e05a672f8a34ddf,2023-03-10T10:42:15.242Z,01:45,Joe
640b2e740e05a672f8a34de5,2023-03-10T13:19:48.646Z,02:32,Oliver Folkard
640b7b652e23ec471aede810,2023-03-10T18:48:05.438Z,06:44,Sazzle
640b7cb50e05a672f8a34dec,2023-03-10T18:53:41.088Z,01:29,George Sheen
640cda512e23ec471aede813,2023-03-11T19:45:21.286Z,03:39,Harvey Williams
640cda880e05a672f8a34df2,2023-03-11T19:46:16.344Z,02:55,Leah
640cdaa10e05a672f8a34df6,2023-03-11T19:46:41.336Z,04:18,Joe
640cdac42e23ec471aede816,2023-03-11T19:47:16.135Z,00:58,George Sheen
640e05f30e05a672f8a34dfe,2023-03-12T17:03:47.335Z,01:29,George Sheen
640e09422e23ec471aede81a,2023-03-12T17:17:54.019Z,03:40,Tom
640e1f902e23ec471aede81e,2023-03-12T18:53:04.100Z,00:38,Joe
640e2f352e23ec471aede822,2023-03-12T19:59:49.727Z,03:02,Harvey Williams
640e516a2e23ec471aede829,2023-03-12T22:25:46.390Z,00:29,Sazzle
640ec10d0e05a672f8a34e05,2023-03-13T06:22:05.242Z,03:20,Tom
640eeb790e05a672f8a34e09,2023-03-13T09:23:05.204Z,01:27,Joe
640f76ce2e23ec471aede82f,2023-03-13T19:17:34.247Z,05:44,Harvey Williams
64103ef02e23ec471aede833,2023-03-14T09:31:28.525Z,01:46,Joe
64105e122e23ec471aede838,2023-03-14T11:44:18.320Z,05:15,Harvey Williams
6410faa20e05a672f8a34e10,2023-03-14T22:52:18.170Z,03:53,Sazzle
6411790d2e23ec471aede83d,2023-03-15T07:51:41.725Z,02:42,Tom
641192832e23ec471aede841,2023-03-15T09:40:19.582Z,01:12,Joe
6411985c2e23ec471aede845,2023-03-15T10:05:16.083Z,02:50,Harvey Williams
6411c2f72e23ec471aede848,2023-03-15T13:07:03.182Z,01:54,Oliver Folkard
641215502e23ec471aede84b,2023-03-15T18:58:24.224Z,06:47,Sazzle
6412bc9c0e05a672f8a34e1a,2023-03-16T06:52:12.936Z,02:50,Tom
6412dc740e05a672f8a34e1c,2023-03-16T09:08:04.176Z,00:53,Joe
6412e0f20e05a672f8a34e1e,2023-03-16T09:27:14.281Z,03:31,Leah
64136abd0e05a672f8a34e21,2023-03-16T19:15:09.641Z,01:56,Harvey Williams
64136e0d0e05a672f8a34e24,2023-03-16T19:29:17.008Z,01:39,George Sheen
6413900e2e23ec471aede85b,2023-03-16T21:54:22.712Z,00:53,Oliver Folkard
6413938e2e23ec471aede860,2023-03-16T22:09:18.073Z,05:40,Sazzle
641430450e05a672f8a34e27,2023-03-17T09:17:57.794Z,01:25,Tom
641444692e23ec471aede866,2023-03-17T10:43:53.587Z,02:11,Oliver Folkard
6414466f0e05a672f8a34e2b,2023-03-17T10:52:31.289Z,02:22,Harvey Williams
641446fa0e05a672f8a34e2e,2023-03-17T10:54:50.916Z,12:26,Leah
641451140e05a672f8a34e32,2023-03-17T11:37:56.723Z,01:09,Joe
641574ac2e23ec471aede86e,2023-03-18T08:22:04.134Z,03:44,Tom
6415761b2e23ec471aede872,2023-03-18T08:28:11.992Z,07:05,Leah
641590512e23ec471aede878,2023-03-18T10:20:01.010Z,01:02,Joe
6415a3a02e23ec471aede87d,2023-03-18T11:42:24.407Z,03:03,Harvey Williams
64163fe20e05a672f8a34e3a,2023-03-18T22:49:06.238Z,04:18,Sazzle
6416530c0e05a672f8a34e3e,2023-03-19T00:10:52.633Z,02:59,Tom
641717f90e05a672f8a34e43,2023-03-19T14:11:05.508Z,01:48,Harvey Williams
641718e62e23ec471aede883,2023-03-19T14:15:02.938Z,01:10,Oliver Folkard
641722a30e05a672f8a34e47,2023-03-19T14:56:35.786Z,00:55,Joe
641746462e23ec471aede887,2023-03-19T17:28:38.704Z,04:01,Sazzle
641825aa0e05a672f8a34e4f,2023-03-20T09:21:46.151Z,05:14,Tom
641844642e23ec471aede88b,2023-03-20T11:32:52.631Z,01:46,Joe
64186cdb0e05a672f8a34e52,2023-03-20T14:25:31.864Z,01:47,Oliver Folkard
641872ef0e05a672f8a34e55,2023-03-20T14:51:27.303Z,05:55,Harvey Williams
641874b20e05a672f8a34e58,2023-03-20T14:58:58.970Z,03:34,George Sheen
64195e8d0e05a672f8a34e5c,2023-03-21T07:36:45.902Z,02:03,Tom
64195fcd0e05a672f8a34e60,2023-03-21T07:42:05.623Z,04:38,Leah
64196aba0e05a672f8a34e64,2023-03-21T08:28:42.502Z,00:51,Joe
6419af290e05a672f8a34e68,2023-03-21T13:20:41.892Z,00:44,Oliver Folkard
6419bfd20e05a672f8a34e6b,2023-03-21T14:31:46.987Z,01:35,Harvey Williams
6419dcfe2e23ec471aede89c,2023-03-21T16:36:14.569Z,00:38,George Sheen
641a06010e05a672f8a34e6f,2023-03-21T19:31:13.064Z,03:44,Sazzle