load_ts,user,time
2022-11-13 17:05:00.000,BrilliantGreenFlamingo,00:04:03
2022-11-13 17:20:00.000,MarmiteWine,00:01:41
2022-11-14 00:09:00.000,Drywhitefruitycidergin,00:02:19
2022-11-14 00:51:00.000,Floralnomad,00:01:21
2022-11-14 02:48:00.000,Sunbird24,00:00:53
2022-11-14 05:01:00.000,JoyDivisionOvenGlovesx,00:01:06
2022-11-14 06:46:00.000,Hepzibar,00:02:33
2022-11-14 07:12:00.000,DadDadDad,00:01:56
2022-11-14 08:07:00.000,Readytostartagain,00:01:42
2022-11-14 08:09:00.000,UmbilicusProfundus,00:01:16
2022-11-14 08:14:00.000,MarmiteWine,00:00:52
2022-11-14 11:57:00.000,BrilliantGreenFlamingo,00:06:19
2022-11-15 00:27:00.000,LikeTearsInRain,00:05:30
2022-11-15 06:50:00.000,Hepzibar,00:03:45
2022-11-15 07:29:00.000,oviraptor21,00:08:36
2022-11-15 07:31:00.000,DadDadDad,00:10:39
2022-11-15 07:47:00.000,JoyDivisionOvenGlovesx,00:02:19
2022-11-15 08:04:00.000,UmbilicusProfundus,00:02:54
2022-11-15 08:05:00.000,Readytostartagain,00:03:00
2022-11-15 10:11:00.000,Floralnomad,00:02:22
2022-11-15 14:14:00.000,Sunbird24,00:02:16
2022-11-15 18:31:00.000,MarmiteWine,00:08:46
2022-11-16 07:38:00.000,DadDadDad,00:20:54
2022-11-16 07:44:00.000,JoyDivisionOvenGlovesx,00:03:01
2022-11-16 08:33:00.000,oviraptor21,00:07:00
2022-11-16 10:06:00.000,MarmiteWine,00:19:05
2022-11-16 10:32:00.000,Sunbird24,00:03:03
2022-11-16 10:36:00.000,Floralnomad,00:01:48
2022-11-16 14:00:00.000,AngeloMysterioso,00:09:17
2022-11-17 00:29:00.000,LikeTearsInRain,00:04:57
2022-11-17 00:49:00.000,Floralnomad,00:02:51
2022-11-17 06:04:00.000,JoyDivisionOvenGlovesx,00:01:52
2022-11-17 06:49:00.000,Hepzibar,00:05:31
2022-11-17 07:12:00.000,Drywhitefruitycidergin,00:07:48
2022-11-17 07:28:00.000,DadDadDad,00:04:04
2022-11-17 08:01:00.000,UmbilicusProfundus,00:02:27
2022-11-17 08:11:00.000,Readytostartagain,00:03:16
2022-11-17 09:46:00.000,restisall,00:07:28
2022-11-17 10:03:00.000,BrilliantGreenFlamingo,00:07:18
2022-11-17 10:55:00.000,MarmiteWine,00:03:48
2022-11-17 17:14:00.000,Sunbird24,00:01:31
2022-11-17 18:15:00.000,oviraptor21,00:01:48
2022-11-18 00:36:00.000,Sunbird24,00:01:11
2022-11-18 01:35:00.000,Floralnomad,00:01:41
2022-11-18 06:27:00.000,JoyDivisionOvenGlovesx,00:01:06
2022-11-18 07:27:00.000,oviraptor21,00:01:10
2022-11-18 07:54:00.000,UmbilicusProfundus,00:01:05
2022-11-18 08:16:00.000,Readytostartagain,00:01:07
2022-11-18 08:30:00.000,DadDadDad,00:01:38
2022-11-18 08:42:00.000,Drywhitefruitycidergin,00:01:54
2022-11-18 09:21:00.000,LikeTearsInRain,00:02:54
2022-11-18 09:27:00.000,BrilliantGreenFlamingo,00:02:56
2022-11-18 09:38:00.000,MarmiteWine,00:00:50
2022-11-18 15:32:00.000,bruffin,00:12:20
2022-11-18 21:46:00.000,Hepzibar,00:02:52
2022-11-19 08:22:00.000,Hepzibar,00:03:00
2022-11-19 08:30:00.000,Sunbird24,00:01:05
2022-11-19 08:46:00.000,oviraptor21,00:03:39
2022-11-19 08:51:00.000,Readytostartagain,00:03:46
2022-11-19 09:36:00.000,JoyDivisionOvenGlovesx,00:01:01
2022-11-19 10:46:00.000,MarmiteWine,00:01:46
2022-11-19 11:03:00.000,Floralnomad,00:02:55
2022-11-19 11:23:00.000,Drywhitefruitycidergin,00:15:30
2022-11-19 11:57:00.000,DadDadDad,00:11:23
2022-11-19 11:59:00.000,AngeloMysterioso,00:04:17
2022-11-19 17:22:00.000,hoochyhag,00:26:10
2022-11-20 00:16:00.000,Sunbird24,00:00:49
2022-11-20 01:15:00.000,Floralnomad,00:01:27
2022-11-20 07:10:00.000,JoyDivisionOvenGlovesx,00:00:55
2022-11-20 08:21:00.000,Readytostartagain,00:02:16
2022-11-20 08:25:00.000,Swissnotswiss,00:04:35
2022-11-20 08:25:00.000,SquirrelFan,00:01:04
2022-11-20 08:37:00.000,DadDadDad,00:04:15
2022-11-20 08:59:00.000,oviraptor21,00:01:15
2022-11-20 09:20:00.000,LikeTearsInRain,00:07:19
2022-11-20 10:48:00.000,MarmiteWine,00:05:37
2022-11-20 17:04:00.000,hoochyhag,00:05:13
2022-11-20 17:18:00.000,Drywhitefruitycidergin,00:05:34
2022-11-20 18:29:00.000,Hepzibar,00:03:14
2022-11-21 00:10:00.000,bruffin,00:02:25
2022-11-21 00:15:00.000,Drywhitefruitycidergin,00:05:41
2022-11-21 00:22:00.000,LikeTearsInRain,00:04:02
2022-11-21 01:08:00.000,Floralnomad,00:02:00
2022-11-21 06:13:00.000,Hepzibar,00:02:50
2022-11-21 07:06:00.000,Sunbird24,00:01:04
2022-11-21 07:26:00.000,DadDadDad,00:02:08
2022-11-21 07:39:00.000,JoyDivisionOvenGlovesx,00:01:43
2022-11-21 08:23:00.000,Readytostartagain,00:02:49
2022-11-21 08:28:00.000,oviraptor21,00:02:52
2022-11-21 11:37:00.000,AngeloMysterioso,00:01:59
2022-11-21 19:49:00.000,MarmiteWine,00:00:55
2022-11-22 00:25:00.000,Drywhitefruitycidergin,00:02:19
2022-11-22 00:45:00.000,Welshwabbit,00:01:16
2022-11-22 06:12:00.000,Hepzibar,00:01:55
2022-11-22 06:52:00.000,Sunbird24,00:01:01
2022-11-22 07:12:00.000,DadDadDad,00:02:20
2022-11-22 07:15:00.000,oviraptor21,00:01:18
2022-11-22 07:26:00.000,Readytostartagain,00:01:04
2022-11-22 07:32:00.000,JoyDivisionOvenGlovesx,00:00:50
2022-11-22 08:52:00.000,sanityisamyth,00:00:54
2022-11-22 12:35:00.000,AngeloMysterioso,00:01:24
2022-11-22 13:40:00.000,Floralnomad,00:01:05
2022-11-22 15:07:00.000,hoochyhag,00:19:57
2022-11-22 17:57:00.000,UmbilicusProfundus,00:00:49
2022-11-22 21:08:00.000,MarmiteWine,00:00:50
2022-11-23 00:35:00.000,Drywhitefruitycidergin,00:02:33
2022-11-23 01:52:00.000,Floralnomad,00:00:49
2022-11-23 06:43:00.000,Hepzibar,00:02:30
2022-11-23 07:08:00.000,JoyDivisionOvenGlovesx,00:00:50
2022-11-23 07:10:00.000,oviraptor21,00:01:28
2022-11-23 07:14:00.000,DadDadDad,00:01:55
2022-11-23 08:38:00.000,Readytostartagain,00:01:16
2022-11-23 12:47:00.000,Swissnotswiss,00:01:25
2022-11-23 16:39:00.000,hoochyhag,00:10:17
2022-11-23 18:03:00.000,MarmiteWine,00:01:11
2022-11-23 19:16:00.000,Sunbird24,00:00:48
2022-11-23 23:53:00.000,AngeloMysterioso,00:01:51
2022-11-24 00:11:00.000,LikeTearsInRain,00:03:29
2022-11-24 00:54:00.000,Floralnomad,00:01:05
2022-11-24 03:53:00.000,Sunbird24,00:00:55
2022-11-24 06:23:00.000,Hepzibar,00:03:08
2022-11-24 07:04:00.000,oviraptor21,00:01:26
2022-11-24 07:11:00.000,DadDadDad,00:01:46
2022-11-24 07:49:00.000,UmbilicusProfundus,00:01:23
2022-11-24 08:24:00.000,Drywhitefruitycidergin,00:01:01
2022-11-24 08:38:00.000,JoyDivisionOvenGlovesx,00:00:49
2022-11-24 08:57:00.000,Readytostartagain,00:00:40
2022-11-24 18:27:00.000,BrilliantGreenFlamingo,00:03:02
2022-11-24 18:33:00.000,MarmiteWine,00:00:58
2022-11-25 04:34:00.000,Sunbird24,00:00:56
2022-11-25 06:05:00.000,JoyDivisionOvenGlovesx,00:01:02
2022-11-25 06:16:00.000,Swissnotswiss,00:02:17
2022-11-25 06:41:00.000,Hepzibar,00:02:41
2022-11-25 07:01:00.000,oviraptor21,00:01:04
2022-11-25 07:27:00.000,DadDadDad,00:04:34
2022-11-25 08:14:00.000,Readytostartagain,00:03:05
2022-11-25 08:51:00.000,Drywhitefruitycidergin,00:02:19
2022-11-25 10:19:00.000,BrilliantGreenFlamingo,00:02:28
2022-11-25 10:42:00.000,Floralnomad,00:01:36
2022-11-25 13:59:00.000,AngeloMysterioso,00:01:07
2022-11-25 16:43:00.000,hoochyhag,00:13:36
2022-11-25 20:04:00.000,UmbilicusProfundus,00:00:52
2022-11-25 20:47:00.000,LikeTearsInRain,00:02:10
2022-11-25 20:49:00.000,MarmiteWine,00:01:44
2022-11-26 00:23:00.000,Sunbird24,00:00:37
2022-11-26 00:26:00.000,Drywhitefruitycidergin,00:01:44
2022-11-26 00:56:00.000,Floralnomad,00:01:44
2022-11-26 04:20:00.000,JoyDivisionOvenGlovesx,00:00:46
2022-11-26 05:56:00.000,UmbilicusProfundus,00:01:16
2022-11-26 06:53:00.000,Hepzibar,00:02:19
2022-11-26 07:33:00.000,DadDadDad,00:02:20
2022-11-26 08:06:00.000,Swissnotswiss,00:01:17
2022-11-26 08:14:00.000,Readytostartagain,00:01:45
2022-11-26 09:07:00.000,oviraptor21,00:01:24
2022-11-26 15:09:00.000,hoochyhag,00:05:34
2022-11-26 20:18:00.000,MarmiteWine,00:00:49
2022-11-27 00:31:00.000,LikeTearsInRain,00:02:05
2022-11-27 01:38:00.000,Floralnomad,00:01:38
2022-11-27 08:36:00.000,oviraptor21,00:01:00
2022-11-27 08:43:00.000,Readytostartagain,00:02:05
2022-11-27 09:36:00.000,DadDadDad,00:01:22
2022-11-27 09:51:00.000,Sunbird24,00:00:43
2022-11-27 10:11:00.000,AngeloMysterioso,00:04:10
2022-11-27 10:36:00.000,MarmiteWine,00:01:09
2022-11-27 11:21:00.000,Swissnotswiss,00:01:22
2022-11-27 16:11:00.000,Hepzibar,00:01:23
2022-11-27 16:13:00.000,hoochyhag,00:06:34
2022-11-28 00:15:00.000,Drywhitefruitycidergin,00:02:14
2022-11-28 00:35:00.000,Floralnomad,00:02:00
2022-11-28 00:40:00.000,Sunbird24,00:01:08
2022-11-28 06:39:00.000,Hepzibar,00:02:13
2022-11-28 07:17:00.000,DadDadDad,00:01:44
2022-11-28 08:31:00.000,oviraptor21,00:00:40
2022-11-28 08:40:00.000,JoyDivisionOvenGlovesx,00:01:00
2022-11-28 15:55:00.000,BrilliantGreenFlamingo,00:11:44
2022-11-28 17:27:00.000,hoochyhag,00:14:18
2022-11-28 22:20:00.000,MarmiteWine,00:01:51
2022-11-29 00:26:00.000,Drywhitefruitycidergin,00:02:13
2022-11-29 01:03:00.000,Sunbird24,00:00:47
2022-11-29 06:07:00.000,Hepzibar,00:01:44
2022-11-29 06:07:00.000,JoyDivisionOvenGlovesx,00:00:39
2022-11-29 07:18:00.000,DadDadDad,00:02:40
2022-11-29 07:29:00.000,oviraptor21,00:01:58
2022-11-29 08:08:00.000,Readytostartagain,00:02:40
2022-11-29 09:02:00.000,sanityisamyth,00:08:08
2022-11-29 11:48:00.000,BrilliantGreenFlamingo,00:02:17
2022-11-29 14:49:00.000,Welshwabbit,00:01:19
2022-11-29 14:56:00.000,Floralnomad,00:01:20
2022-11-29 16:22:00.000,MarmiteWine,00:01:00
2022-11-29 19:58:00.000,UmbilicusProfundus,00:00:58
2022-11-30 00:12:00.000,Sunbird24,00:01:35
2022-11-30 06:17:00.000,Hepzibar,00:02:07
2022-11-30 07:25:00.000,JoyDivisionOvenGlovesx,00:01:49
2022-11-30 07:39:00.000,DadDadDad,00:06:40
2022-11-30 07:58:00.000,oviraptor21,00:05:10
2022-11-30 08:04:00.000,Stokey,00:07:52
2022-11-30 08:20:00.000,Readytostartagain,00:04:31
2022-11-30 10:41:00.000,Floralnomad,00:01:57
2022-11-30 11:30:00.000,Drywhitefruitycidergin,00:11:30
2022-11-30 12:52:00.000,Swissnotswiss,00:02:14
2022-11-30 17:09:00.000,MarmiteWine,00:01:49
2022-11-30 23:52:00.000,UmbilicusProfundus,00:02:06
2022-12-01 00:31:00.000,FaazoHuyzeoSix,00:01:49
2022-12-01 01:23:00.000,Floralnomad,00:01:55
2022-12-01 06:19:00.000,Hepzibar,00:02:28
2022-12-01 07:07:00.000,Sunbird24,00:00:52
2022-12-01 07:18:00.000,oviraptor21,00:01:24
2022-12-01 07:20:00.000,JoyDivisionOvenGlovesx,00:00:59
2022-12-01 07:22:00.000,DadDadDad,00:03:32
2022-12-01 08:03:00.000,UmbilicusProfundus,00:01:29
2022-12-01 08:52:00.000,Stokey,00:02:12
2022-12-01 09:08:00.000,MarmiteWine,00:00:59
2022-12-01 11:49:00.000,Swissnotswiss,00:02:46
2022-12-01 15:14:00.000,Readytostartagain,00:01:20
2022-12-01 16:17:00.000,Drywhitefruitycidergin,00:03:13
2022-12-01 16:59:00.000,hoochyhag,00:06:51
2022-12-02 01:10:00.000,Floralnomad,00:01:11
2022-12-02 01:24:00.000,Sunbird24,00:01:08
2022-12-02 06:19:00.000,Hepzibar,00:02:59
2022-12-02 06:42:00.000,JoyDivisionOvenGlovesx,00:01:45
2022-12-02 07:15:00.000,Readytostartagain,00:01:27
2022-12-02 07:25:00.000,oviraptor21,00:01:25
2022-12-02 07:27:00.000,DadDadDad,00:02:27
2022-12-02 07:44:00.000,BrilliantGreenFlamingo,00:03:47
2022-12-02 07:55:00.000,UmbilicusProfundus,00:02:35
2022-12-02 21:19:00.000,Drywhitefruitycidergin,00:04:29
2022-12-02 21:34:00.000,MarmiteWine,00:01:19
2022-12-03 00:11:00.000,Drywhitefruitycidergin,00:02:22
2022-12-03 00:35:00.000,Floralnomad,00:01:21
2022-12-03 02:15:00.000,Sunbird24,00:01:10
2022-12-03 05:20:00.000,JoyDivisionOvenGlovesx,00:00:58
2022-12-03 07:49:00.000,MarmiteWine,00:00:49
2022-12-03 08:04:00.000,Hepzibar,00:02:10
2022-12-03 08:14:00.000,DadDadDad,00:02:02
2022-12-03 08:37:00.000,LikeTearsInRain,00:01:53
2022-12-03 09:19:00.000,Stokey,00:01:38
2022-12-03 10:23:00.000,AngeloMysterioso,00:01:03
2022-12-03 13:08:00.000,UmbilicusProfundus,00:01:18
2022-12-03 15:18:00.000,Readytostartagain,00:01:02
2022-12-03 15:52:00.000,oviraptor21,00:01:41
2022-12-03 17:28:00.000,hoochyhag,00:06:27
2022-12-04 00:21:00.000,Floralnomad,00:01:31
2022-12-04 00:42:00.000,Sunbird24,00:01:19
2022-12-04 08:10:00.000,JoyDivisionOvenGlovesx,00:01:08
2022-12-04 08:10:00.000,Hepzibar,00:02:37
2022-12-04 08:11:00.000,BrilliantGreenFlamingo,00:06:44
2022-12-04 08:31:00.000,DadDadDad,00:04:52
2022-12-04 09:38:00.000,oviraptor21,00:04:55
2022-12-04 09:56:00.000,Stokey,00:02:09
2022-12-04 21:19:00.000,MarmiteWine,00:01:23
2022-12-05 00:20:00.000,Drywhitefruitycidergin,00:01:21
2022-12-05 00:29:00.000,Sunbird24,00:00:28
2022-12-05 01:13:00.000,Floralnomad,00:01:13
2022-12-05 05:23:00.000,JoyDivisionOvenGlovesx,00:00:46
2022-12-05 07:13:00.000,DadDadDad,00:01:12
2022-12-05 07:49:00.000,UmbilicusProfundus,00:00:51
2022-12-05 08:21:00.000,Readytostartagain,00:00:53
2022-12-05 08:59:00.000,MarmiteWine,00:00:58
2022-12-05 09:08:00.000,oviraptor21,00:00:45
2022-12-05 13:57:00.000,Stokey,00:01:26
2022-12-05 20:58:00.000,Hepzibar,00:00:49
2022-12-06 00:17:00.000,Floralnomad,00:01:08
2022-12-06 02:48:00.000,Sunbird24,00:00:34
2022-12-06 06:33:00.000,JoyDivisionOvenGlovesx,00:00:44
2022-12-06 07:14:00.000,DadDadDad,00:01:58
2022-12-06 07:39:00.000,oviraptor21,00:01:48
2022-12-06 08:15:00.000,Readytostartagain,00:01:13
2022-12-06 08:47:00.000,Drywhitefruitycidergin,00:02:01
2022-12-06 19:53:00.000,Hepzibar,00:02:50
2022-12-06 20:59:00.000,Stokey,00:01:25
2022-12-06 22:39:00.000,MarmiteWine,00:01:03
2022-12-07 00:18:00.000,Drywhitefruitycidergin,00:01:44
2022-12-07 01:11:00.000,Floralnomad,00:01:10
2022-12-07 02:03:00.000,Sunbird24,00:00:41
2022-12-07 07:12:00.000,DadDadDad,00:00:39
2022-12-07 07:41:00.000,Stokey,00:00:53
2022-12-07 07:47:00.000,JoyDivisionOvenGlovesx,00:00:48
2022-12-07 07:54:00.000,oviraptor21,00:01:24
2022-12-07 08:15:00.000,Readytostartagain,00:00:57
2022-12-07 20:12:00.000,Hepzibar,00:02:24
2022-12-07 20:19:00.000,MarmiteWine,00:01:25
2022-12-08 01:34:00.000,Sunbird24,00:00:51
2022-12-08 06:30:00.000,Hepzibar,00:01:44
2022-12-08 07:08:00.000,oviraptor21,00:01:57
2022-12-08 07:21:00.000,DadDadDad,00:02:06
2022-12-08 08:27:00.000,Readytostartagain,00:01:57
2022-12-08 08:48:00.000,Swissnotswiss,00:02:06
2022-12-08 09:31:00.000,LikeTearsInRain,00:03:08
2022-12-08 10:09:00.000,Floralnomad,00:02:41
2022-12-08 21:16:00.000,MarmiteWine,00:01:28
2022-12-09 00:20:00.000,Drywhitefruitycidergin,00:02:25
2022-12-09 00:43:00.000,Floralnomad,00:01:27
2022-12-09 04:08:00.000,Sunbird24,00:00:46
2022-12-09 06:59:00.000,Hepzibar,00:02:16
2022-12-09 07:16:00.000,oviraptor21,00:01:47
2022-12-09 07:46:00.000,Stokey,00:01:20
2022-12-09 08:06:00.000,bruffin,00:01:25
2022-12-09 08:08:00.000,DadDadDad,00:04:43
2022-12-09 08:23:00.000,Readytostartagain,00:01:19
2022-12-09 08:24:00.000,Swissnotswiss,00:02:29
2022-12-09 11:31:00.000,JoyDivisionOvenGlovesx,00:00:57
2022-12-09 14:50:00.000,BrilliantGreenFlamingo,00:00:25
2022-12-09 22:05:00.000,MarmiteWine,00:01:12
2022-12-10 02:25:00.000,Drywhitefruitycidergin,00:01:51
2022-12-10 07:00:00.000,Swissnotswiss,00:01:53
2022-12-10 07:46:00.000,Hepzibar,00:01:36
2022-12-10 08:14:00.000,Sunbird24,00:01:11
2022-12-10 08:14:00.000,BrilliantGreenFlamingo,00:02:36
2022-12-10 08:19:00.000,oviraptor21,00:01:52
2022-12-10 08:23:00.000,JoyDivisionOvenGlovesx,00:01:26
2022-12-10 08:27:00.000,LikeTearsInRain,00:02:39
2022-12-10 09:14:00.000,Stokey,00:01:23
2022-12-10 09:28:00.000,Readytostartagain,00:02:03
2022-12-10 09:37:00.000,DadDadDad,00:01:59
2022-12-10 11:54:00.000,MarmiteWine,00:00:59
2022-12-10 17:16:00.000,hoochyhag,00:06:20
2022-12-11 00:04:00.000,Sunbird24,00:00:46
2022-12-11 07:49:00.000,Hepzibar,00:02:27
2022-12-11 08:05:00.000,oviraptor21,00:01:05
2022-12-11 08:28:00.000,Readytostartagain,00:01:36
2022-12-11 09:16:00.000,JoyDivisionOvenGlovesx,00:01:07
2022-12-11 09:49:00.000,Stokey,00:01:43
2022-12-11 10:04:00.000,DadDadDad,00:02:50
2022-12-11 11:21:00.000,Floralnomad,00:02:25
2022-12-11 12:42:00.000,MarmiteWine,00:01:18
2022-12-11 13:47:00.000,LikeTearsInRain,00:05:01
2022-12-11 21:10:00.000,Drywhitefruitycidergin,00:03:08
2022-12-12 03:28:00.000,Sunbird24,00:00:55
2022-12-12 06:28:00.000,JoyDivisionOvenGlovesx,00:01:48
2022-12-12 07:33:00.000,DadDadDad,00:02:39
2022-12-12 09:12:00.000,MarmiteWine,00:02:11
2022-12-12 12:00:00.000,BrilliantGreenFlamingo,00:05:55
2022-12-12 17:15:00.000,Floralnomad,00:01:31
2022-12-12 19:11:00.000,Hepzibar,00:01:19
2022-12-12 23:48:00.000,UmbilicusProfundus,00:01:06
2022-12-13 00:41:00.000,Drywhitefruitycidergin,00:01:13
2022-12-13 01:39:00.000,Floralnomad,00:01:21
2022-12-13 05:14:00.000,JoyDivisionOvenGlovesx,00:01:11
2022-12-13 06:47:00.000,Sunbird24,00:00:53
2022-12-13 07:18:00.000,DadDadDad,00:01:36
2022-12-13 07:27:00.000,oviraptor21,00:01:19
2022-12-13 07:43:00.000,UmbilicusProfundus,00:01:04
2022-12-13 08:12:00.000,Readytostartagain,00:00:46
2022-12-13 08:54:00.000,MarmiteWine,00:00:58
2022-12-13 14:15:00.000,Stokey,00:01:29
2022-12-13 17:55:00.000,hoochyhag,00:05:23
2022-12-13 21:04:00.000,Hepzibar,00:02:56
2022-12-13 23:19:00.000,FaazoHuyzeoSix,00:01:54
2022-12-14 00:32:00.000,Drywhitefruitycidergin,00:02:50
2022-12-14 00:47:00.000,Floralnomad,00:01:13
2022-12-14 06:06:00.000,JoyDivisionOvenGlovesx,00:00:51
2022-12-14 06:22:00.000,Sunbird24,00:00:47
2022-12-14 06:44:00.000,Hepzibar,00:02:20
2022-12-14 07:45:00.000,DadDadDad,00:01:44
2022-12-14 08:14:00.000,Readytostartagain,00:01:23
2022-12-14 09:45:00.000,oviraptor21,00:00:50
2022-12-14 10:37:00.000,MarmiteWine,00:01:16
2022-12-14 15:51:00.000,BrilliantGreenFlamingo,00:03:33
2022-12-15 01:34:00.000,Sunbird24,00:00:46
2022-12-15 01:38:00.000,Floralnomad,00:01:28
2022-12-15 04:30:00.000,JoyDivisionOvenGlovesx,00:00:52
2022-12-15 06:43:00.000,Hepzibar,00:03:16
2022-12-15 06:57:00.000,Drywhitefruitycidergin,00:03:15
2022-12-15 07:18:00.000,oviraptor21,00:01:13
2022-12-15 07:42:00.000,Stokey,00:02:07
2022-12-15 08:38:00.000,bruffin,00:01:35
2022-12-15 08:43:00.000,MarmiteWine,00:00:54
2022-12-15 09:05:00.000,DadDadDad,00:00:58
2022-12-15 16:30:00.000,BrilliantGreenFlamingo,00:02:56
2022-12-15 16:51:00.000,hoochyhag,00:04:54
2022-12-15 20:36:00.000,Readytostartagain,00:01:05
2022-12-15 20:40:00.000,UmbilicusProfundus,00:01:49
2022-12-16 00:55:00.000,Drywhitefruitycidergin,00:02:09
2022-12-16 01:31:00.000,Floralnomad,00:01:02
2022-12-16 02:16:00.000,Sunbird24,00:00:40
2022-12-16 05:50:00.000,JoyDivisionOvenGlovesx,00:00:50
2022-12-16 07:26:00.000,oviraptor21,00:00:52
2022-12-16 09:10:00.000,DadDadDad,00:02:03
2022-12-16 16:13:00.000,Readytostartagain,00:00:59
2022-12-16 18:42:00.000,Hepzibar,00:01:34
2022-12-16 21:32:00.000,UmbilicusProfundus,00:00:59
2022-12-16 22:24:00.000,MarmiteWine,00:00:56
2022-12-17 00:59:00.000,Sunbird24,00:00:40
2022-12-17 01:12:00.000,Floralnomad,00:01:33
2022-12-17 07:32:00.000,Hepzibar,00:02:13
2022-12-17 07:37:00.000,Readytostartagain,00:01:17
2022-12-17 07:54:00.000,Stokey,00:02:47
2022-12-17 07:57:00.000,JoyDivisionOvenGlovesx,00:00:57
2022-12-17 08:31:00.000,oviraptor21,00:01:12
2022-12-17 08:39:00.000,UmbilicusProfundus,00:01:45
2022-12-17 08:40:00.000,Drywhitefruitycidergin,00:01:42
2022-12-17 08:52:00.000,DadDadDad,00:01:46
2022-12-17 16:53:00.000,MarmiteWine,00:02:43
2022-12-17 16:54:00.000,hoochyhag,00:04:37
2022-12-18 00:17:00.000,Sunbird24,00:00:49
2022-12-18 00:26:00.000,Drywhitefruitycidergin,00:02:03
2022-12-18 01:08:00.000,Floralnomad,00:01:02
2022-12-18 07:36:00.000,Swissnotswiss,00:01:08
2022-12-18 08:14:00.000,Hepzibar,00:01:41
2022-12-18 08:19:00.000,DadDadDad,00:02:33
2022-12-18 08:31:00.000,Readytostartagain,00:01:51
2022-12-18 08:36:00.000,BlandSoup,00:02:45
2022-12-18 09:37:00.000,JoyDivisionOvenGlovesx,00:00:56
2022-12-18 11:12:00.000,Stokey,00:01:57
2022-12-18 11:24:00.000,MarmiteWine,00:00:57
2022-12-18 19:39:00.000,oviraptor21,00:01:35
2022-12-19 00:25:00.000,Drywhitefruitycidergin,00:01:10
2022-12-19 01:40:00.000,Floralnomad,00:00:53
2022-12-19 05:01:00.000,Sunbird24,00:00:44
2022-12-19 08:15:00.000,DadDadDad,00:01:30
2022-12-19 08:34:00.000,Readytostartagain,00:01:16
2022-12-19 08:35:00.000,JoyDivisionOvenGlovesx,00:00:53
2022-12-19 08:39:00.000,MarmiteWine,00:01:14
2022-12-19 08:54:00.000,Hepzibar,00:01:52
2022-12-19 09:41:00.000,oviraptor21,00:08:39
2022-12-19 11:06:00.000,Stokey,00:08:34
2022-12-19 11:47:00.000,Swissnotswiss,00:01:16
2022-12-20 00:26:00.000,Sunbird24,00:00:55
2022-12-20 01:15:00.000,Welshwabbit,00:00:53
2022-12-20 01:21:00.000,Floralnomad,00:01:24
2022-12-20 01:42:00.000,oviraptor21,00:01:10
2022-12-20 07:29:00.000,Stokey,00:02:10
2022-12-20 07:58:00.000,Hepzibar,00:01:22
2022-12-20 08:05:00.000,DadDadDad,00:01:30
2022-12-20 08:10:00.000,BlandSoup,00:07:09
2022-12-20 08:35:00.000,Readytostartagain,00:01:26
2022-12-20 09:41:00.000,JoyDivisionOvenGlovesx,00:00:49
2022-12-20 17:18:00.000,hoochyhag,00:06:15
2022-12-20 20:34:00.000,MarmiteWine,00:01:08
2022-12-21 00:02:00.000,Drywhitefruitycidergin,00:03:21
2022-12-21 00:26:00.000,Sunbird24,00:00:44
2022-12-21 00:54:00.000,Floralnomad,00:01:33
2022-12-21 01:19:00.000,LikeTearsInRain,00:01:34
2022-12-21 07:50:00.000,BlandSoup,00:01:11
2022-12-21 08:16:00.000,JoyDivisionOvenGlovesx,00:00:49
2022-12-21 08:19:00.000,Stokey,00:01:22
2022-12-21 08:24:00.000,Readytostartagain,00:01:17
2022-12-21 08:47:00.000,Hepzibar,00:03:00
2022-12-21 08:50:00.000,DadDadDad,00:01:29
2022-12-21 10:56:00.000,MarmiteWine,00:00:52
2022-12-21 10:57:00.000,oviraptor21,00:00:58
2022-12-21 16:07:00.000,hoochyhag,00:05:08
2022-12-22 00:25:00.000,Drywhitefruitycidergin,00:04:38
2022-12-22 00:42:00.000,Floralnomad,00:02:35
2022-12-22 06:58:00.000,JoyDivisionOvenGlovesx,00:01:27
2022-12-22 07:18:00.000,Sunbird24,00:01:23
2022-12-22 07:22:00.000,Swissnotswiss,00:08:27
2022-12-22 08:54:00.000,DadDadDad,00:03:34
2022-12-22 08:59:00.000,Stokey,00:05:24
2022-12-22 09:39:00.000,MarmiteWine,00:04:19
2022-12-22 10:14:00.000,oviraptor21,00:01:44
2022-12-22 17:11:00.000,Readytostartagain,00:05:35
2022-12-23 00:41:00.000,Floralnomad,00:01:09
2022-12-23 00:48:00.000,Drywhitefruitycidergin,00:02:31
2022-12-23 07:13:00.000,Sunbird24,00:00:41
2022-12-23 07:20:00.000,JoyDivisionOvenGlovesx,00:00:45
2022-12-23 07:42:00.000,oviraptor21,00:01:26
2022-12-23 07:58:00.000,DadDadDad,00:01:47
2022-12-23 08:07:00.000,Hepzibar,00:02:19
2022-12-23 08:29:00.000,UmbilicusProfundus,00:01:51
2022-12-23 08:52:00.000,LikeTearsInRain,00:02:50
2022-12-23 08:54:00.000,MarmiteWine,00:00:52
2022-12-23 13:53:00.000,Readytostartagain,00:00:59
2022-12-23 17:05:00.000,hoochyhag,00:09:47
2022-12-24 00:09:00.000,Sunbird24,00:00:39
2022-12-24 00:11:00.000,Drywhitefruitycidergin,00:02:39
2022-12-24 00:57:00.000,Floralnomad,00:01:36
2022-12-24 07:36:00.000,DadDadDad,00:02:24
2022-12-24 08:03:00.000,Hepzibar,00:03:46
2022-12-24 08:04:00.000,oviraptor21,00:00:13
2022-12-24 08:07:00.000,JoyDivisionOvenGlovesx,00:00:57
2022-12-24 08:37:00.000,Readytostartagain,00:01:37
2022-12-24 08:53:00.000,UmbilicusProfundus,00:01:22
2022-12-24 21:09:00.000,MarmiteWine,00:00:55
2022-12-25 00:09:00.000,bruffin,00:01:32
2022-12-25 00:43:00.000,Sunbird24,00:00:33
2022-12-25 00:46:00.000,Floralnomad,00:00:48
2022-12-25 06:55:00.000,JoyDivisionOvenGlovesx,00:00:48
2022-12-25 07:58:00.000,DadDadDad,00:00:56
2022-12-25 08:13:00.000,Swissnotswiss,00:01:17
2022-12-25 08:13:00.000,Hepzibar,00:01:37
2022-12-25 08:25:00.000,UmbilicusProfundus,00:00:58
2022-12-25 08:50:00.000,Readytostartagain,00:00:52
2022-12-25 09:19:00.000,Drywhitefruitycidergin,00:02:05
2022-12-25 09:24:00.000,oviraptor21,00:00:41
2022-12-25 17:39:00.000,hoochyhag,00:04:18
2022-12-25 22:10:00.000,MarmiteWine,00:00:43
2022-12-26 02:56:00.000,Sunbird24,00:00:55
2022-12-26 05:08:00.000,Drywhitefruitycidergin,00:01:51
2022-12-26 08:10:00.000,DadDadDad,00:02:40
2022-12-26 08:17:00.000,BlandSoup,00:01:12
2022-12-26 08:31:00.000,oviraptor21,00:01:55
2022-12-26 08:31:00.000,Stokey,00:01:00
2022-12-26 08:35:00.000,Hepzibar,00:01:45
2022-12-26 08:58:00.000,JoyDivisionOvenGlovesx,00:00:51
2022-12-26 09:00:00.000,BakeOffRewatch,00:00:39
2022-12-26 13:39:00.000,UmbilicusProfundus,00:00:33
2022-12-26 17:51:00.000,Readytostartagain,00:01:48
2022-12-26 20:00:00.000,MarmiteWine,00:01:30
2022-12-26 20:25:00.000,Floralnomad,00:01:38
2022-12-27 00:24:00.000,Drywhitefruitycidergin,00:01:54
2022-12-27 00:32:00.000,Floralnomad,00:01:18
2022-12-27 00:53:00.000,Sunbird24,00:00:43
2022-12-27 08:02:00.000,Hepzibar,00:02:01
2022-12-27 08:04:00.000,UmbilicusProfundus,00:01:22
2022-12-27 08:28:00.000,Stokey,00:02:00
2022-12-27 08:29:00.000,JoyDivisionOvenGlovesx,00:01:00
2022-12-27 09:02:00.000,DadDadDad,00:02:43
2022-12-27 09:17:00.000,Readytostartagain,00:03:44
2022-12-27 09:23:00.000,oviraptor21,00:09:02
2022-12-27 10:12:00.000,MarmiteWine,00:01:14
2022-12-27 16:11:00.000,hoochyhag,00:03:33
2022-12-28 00:18:00.000,Drywhitefruitycidergin,00:03:54
2022-12-28 00:29:00.000,Floralnomad,00:01:06
2022-12-28 04:29:00.000,Sunbird24,00:00:35
2022-12-28 08:13:00.000,Stokey,00:01:11
2022-12-28 08:26:00.000,MarmiteWine,00:00:52
2022-12-28 08:32:00.000,oviraptor21,00:00:18
2022-12-28 08:33:00.000,Hepzibar,00:01:46
2022-12-28 09:19:00.000,Swissnotswiss,00:01:22
2022-12-28 09:19:00.000,DadDadDad,00:01:32
2022-12-28 09:36:00.000,JoyDivisionOvenGlovesx,00:00:54
2022-12-28 17:28:00.000,hoochyhag,00:02:43
2022-12-28 19:13:00.000,Readytostartagain,00:01:07
2022-12-29 00:24:00.000,Drywhitefruitycidergin,00:06:02
2022-12-29 00:46:00.000,Floralnomad,00:01:56
2022-12-29 07:28:00.000,Stokey,00:03:11
2022-12-29 07:33:00.000,JoyDivisionOvenGlovesx,00:02:04
2022-12-29 08:40:00.000,DadDadDad,00:01:47
2022-12-29 08:46:00.000,Hepzibar,00:02:57
2022-12-29 08:47:00.000,Albaniarocks,00:00:49
2022-12-29 09:59:00.000,UmbilicusProfundus,00:01:03
2022-12-29 10:27:00.000,Readytostartagain,00:01:20
2022-12-29 11:33:00.000,Sunbird24,00:00:47
2022-12-29 13:41:00.000,MarmiteWine,00:00:51
2022-12-29 17:16:00.000,hoochyhag,00:07:47
2022-12-30 01:33:00.000,Floralnomad,00:01:57
2022-12-30 01:41:00.000,Sunbird24,00:00:42
2022-12-30 07:03:00.000,sanityisamyth,00:03:18
2022-12-30 07:22:00.000,UmbilicusProfundus,00:01:59
2022-12-30 07:57:00.000,Hepzibar,00:02:34
2022-12-30 09:32:00.000,DadDadDad,00:05:52
2022-12-30 09:44:00.000,oviraptor21,00:01:16
2022-12-30 10:39:00.000,JoyDivisionOvenGlovesx,00:01:26
2022-12-30 11:02:00.000,Stokey,00:02:12
2022-12-30 13:59:00.000,Readytostartagain,00:03:38
2022-12-30 15:16:00.000,MarmiteWine,00:01:14
2022-12-30 16:23:00.000,hoochyhag,00:10:09
2022-12-31 01:15:00.000,Floralnomad,00:03:02
2022-12-31 01:39:00.000,Sunbird24,00:01:15
2022-12-31 06:46:00.000,MarmiteWine,00:01:07
2022-12-31 08:44:00.000,DadDadDad,00:03:53
2022-12-31 08:51:00.000,JoyDivisionOvenGlovesx,00:00:55
2022-12-31 09:43:00.000,Readytostartagain,00:02:31
2022-12-31 16:39:00.000,hoochyhag,00:05:18
2022-12-31 21:29:00.000,Hepzibar,00:02:00
2023-01-01 00:41:00.000,BlandSoup,00:01:41
2023-01-01 00:51:00.000,Drywhitefruitycidergin,00:01:50
2023-01-01 00:59:00.000,Floralnomad,00:00:59
2023-01-01 00:59:00.000,Y7drama,00:01:30
2023-01-01 01:34:00.000,Sunbird24,00:00:44
2023-01-01 05:24:00.000,sanityisamyth,00:00:58
2023-01-01 07:57:00.000,JoyDivisionOvenGlovesx,00:00:51
2023-01-01 08:23:00.000,DadDadDad,00:01:44
2023-01-01 08:40:00.000,Readytostartagain,00:01:49
2023-01-01 08:54:00.000,Hepzibar,00:01:20
2023-01-01 11:02:00.000,oviraptor21,00:00:52
2023-01-01 12:00:00.000,Buttalapasta,00:00:58
2023-01-01 12:05:00.000,FeinCuroxiVooz,00:01:29
2023-01-01 15:29:00.000,MarmiteWine,00:00:46
2023-01-01 16:41:00.000,hoochyhag,00:02:40
2023-01-02 00:43:00.000,Floralnomad,00:00:58
2023-01-02 00:50:00.000,Drywhitefruitycidergin,00:01:25
2023-01-02 01:00:00.000,Sunbird24,00:00:37
2023-01-02 08:18:00.000,DadDadDad,00:01:16
2023-01-02 08:23:00.000,Welshwabbit,00:00:58
2023-01-02 08:34:00.000,Hepzibar,00:02:13
2023-01-02 08:40:00.000,Buttalapasta,00:01:06
2023-01-02 08:42:00.000,JoyDivisionOvenGlovesx,00:00:47
2023-01-02 08:54:00.000,Albaniarocks,00:00:34
2023-01-02 09:17:00.000,oviraptor21,00:00:53
2023-01-02 09:35:00.000,UmbilicusProfundus,00:00:49
2023-01-02 09:40:00.000,Readytostartagain,00:02:33
2023-01-02 17:26:00.000,hoochyhag,00:05:26
2023-01-02 20:24:00.000,MarmiteWine,00:00:39
2023-01-02 21:36:00.000,BlandSoup,00:01:44
2023-01-03 00:10:00.000,Drywhitefruitycidergin,00:01:25
2023-01-03 00:10:00.000,Sunbird24,00:00:36
2023-01-03 00:56:00.000,Floralnomad,00:01:22
2023-01-03 05:59:00.000,JoyDivisionOvenGlovesx,00:00:40
2023-01-03 06:32:00.000,Hepzibar,00:01:58
2023-01-03 07:35:00.000,DadDadDad,00:02:45
2023-01-03 08:11:00.000,Buttalapasta,00:01:47
2023-01-03 09:45:00.000,UmbilicusProfundus,00:01:12
2023-01-03 15:51:00.000,MarmiteWine,00:00:44
2023-01-03 16:33:00.000,Readytostartagain,00:01:47
2023-01-03 16:40:00.000,hoochyhag,00:06:49
2023-01-04 00:12:00.000,Sunbird24,00:00:44
2023-01-04 01:01:00.000,Floralnomad,00:01:20
2023-01-04 06:38:00.000,Hepzibar,00:01:31
2023-01-04 06:57:00.000,Drywhitefruitycidergin,00:02:42
2023-01-04 06:59:00.000,JoyDivisionOvenGlovesx,00:00:50
2023-01-04 07:36:00.000,DadDadDad,00:04:13
2023-01-04 08:24:00.000,Readytostartagain,00:02:21
2023-01-04 20:16:00.000,MarmiteWine,00:02:12
2023-01-04 20:29:00.000,Y7drama,00:01:13
2023-01-05 00:13:00.000,Floralnomad,00:01:27
2023-01-05 00:17:00.000,Drywhitefruitycidergin,00:01:57
2023-01-05 00:18:00.000,Sunbird24,00:00:38
2023-01-05 06:22:00.000,JoyDivisionOvenGlovesx,00:00:51
2023-01-05 07:16:00.000,DadDadDad,00:01:25
2023-01-05 07:54:00.000,Stokey,00:01:55
2023-01-05 18:34:00.000,Readytostartagain,00:01:34
2023-01-05 19:05:00.000,MarmiteWine,00:01:09
2023-01-05 19:27:00.000,Hepzibar,00:01:47
2023-01-06 00:06:00.000,bruffin,00:01:59
2023-01-06 00:13:00.000,FeinCuroxiVooz,00:01:43
2023-01-06 00:23:00.000,Drywhitefruitycidergin,00:05:24
2023-01-06 01:16:00.000,Floralnomad,00:01:13
2023-01-06 05:38:00.000,Sunbird24,00:00:53
2023-01-06 06:32:00.000,Hepzibar,00:02:30
2023-01-06 07:31:00.000,DadDadDad,00:02:05
2023-01-06 07:39:00.000,JoyDivisionOvenGlovesx,00:00:46
2023-01-06 08:08:00.000,Albaniarocks,00:00:46
2023-01-06 08:46:00.000,Readytostartagain,00:02:41
2023-01-06 08:57:00.000,Stokey,00:01:46
2023-01-06 09:39:00.000,Buttalapasta,00:01:25
2023-01-06 12:19:00.000,Squiz81,00:09:25
2023-01-06 19:33:00.000,MarmiteWine,00:00:44
2023-01-07 00:14:00.000,Sunbird24,00:00:44
2023-01-07 00:21:00.000,Drywhitefruitycidergin,00:02:10
2023-01-07 04:39:00.000,Pollywoddles,00:01:28
2023-01-07 08:33:00.000,Hepzibar,00:03:39
2023-01-07 08:54:00.000,Readytostartagain,00:02:38
2023-01-07 08:59:00.000,Stokey,00:01:33
2023-01-07 09:21:00.000,JoyDivisionOvenGlovesx,00:00:53
2023-01-07 10:48:00.000,DadDadDad,00:01:53
2023-01-07 10:50:00.000,Floralnomad,00:01:47
2023-01-07 18:41:00.000,MarmiteWine,00:01:21
2023-01-08 00:47:00.000,Floralnomad,00:00:49
2023-01-08 00:49:00.000,Drywhitefruitycidergin,00:00:43
2023-01-08 02:52:00.000,sanityisamyth,00:00:44
2023-01-08 03:11:00.000,Pollywoddles,00:01:41
2023-01-08 03:12:00.000,Y7drama,00:01:08
2023-01-08 08:14:00.000,JoyDivisionOvenGlovesx,00:00:40
2023-01-08 08:23:00.000,DadDadDad,00:01:09
2023-01-08 08:27:00.000,Hepzibar,00:01:31
2023-01-08 12:13:00.000,Readytostartagain,00:00:54
2023-01-08 16:27:00.000,MarmiteWine,00:00:52
2023-01-09 00:10:00.000,bruffin,00:01:05
2023-01-09 01:09:00.000,Floralnomad,00:01:02
2023-01-09 01:51:00.000,Drywhitefruitycidergin,00:01:27
2023-01-09 06:45:00.000,Hepzibar,00:02:31
2023-01-09 07:38:00.000,DadDadDad,00:01:20
2023-01-09 08:06:00.000,Stokey,00:01:29
2023-01-09 08:36:00.000,JoyDivisionOvenGlovesx,00:01:02
2023-01-09 16:20:00.000,Readytostartagain,00:01:38
2023-01-09 17:19:00.000,hoochyhag,00:03:42
2023-01-09 18:49:00.000,MarmiteWine,00:00:38
2023-01-09 20:59:00.000,IGoWalkingAfterMidnight,00:02:14
2023-01-09 21:23:00.000,Pollywoddles,00:02:53
2023-01-10 00:18:00.000,Drywhitefruitycidergin,00:01:09
2023-01-10 00:53:00.000,Floralnomad,00:01:14
2023-01-10 04:54:00.000,Pollywoddles,00:02:44
2023-01-10 05:55:00.000,JoyDivisionOvenGlovesx,00:00:50
2023-01-10 06:27:00.000,Hepzibar,00:02:52
2023-01-10 06:34:00.000,Buttalapasta,00:01:15
2023-01-10 07:02:00.000,bruffin,00:01:18
2023-01-10 07:25:00.000,DadDadDad,00:01:07
2023-01-10 08:10:00.000,Squiz81,00:01:17
2023-01-10 11:16:00.000,BlandSoup,00:01:54
2023-01-10 17:02:00.000,hoochyhag,00:03:26
2023-01-10 17:20:00.000,IGoWalkingAfterMidnight,00:01:12
2023-01-10 20:04:00.000,Readytostartagain,00:01:00
2023-01-10 20:17:00.000,MarmiteWine,00:00:48
2023-01-11 00:27:00.000,Floralnomad,00:00:50
2023-01-11 00:44:00.000,Drywhitefruitycidergin,00:01:46
2023-01-11 05:54:00.000,JoyDivisionOvenGlovesx,00:00:51
2023-01-11 06:30:00.000,Hepzibar,00:01:37
2023-01-11 07:17:00.000,DadDadDad,00:01:38
2023-01-11 07:39:00.000,oviraptor21,00:06:55
2023-01-11 11:33:00.000,Pollywoddles,00:01:20
2023-01-11 13:37:00.000,BlandSoup,00:01:30
2023-01-11 16:42:00.000,Readytostartagain,00:01:27
2023-01-11 17:59:00.000,MarmiteWine,00:00:38
2023-01-11 20:13:00.000,IGoWalkingAfterMidnight,00:01:50
2023-01-11 23:14:00.000,UmbilicusProfundus,00:01:03
2023-01-12 00:33:00.000,Floralnomad,00:01:16
2023-01-12 00:50:00.000,Drywhitefruitycidergin,00:04:08
2023-01-12 06:01:00.000,JoyDivisionOvenGlovesx,00:00:47
2023-01-12 06:29:00.000,Hepzibar,00:02:28
2023-01-12 06:45:00.000,Buttalapasta,00:02:20
2023-01-12 07:22:00.000,DadDadDad,00:01:49
2023-01-12 07:37:00.000,UmbilicusProfundus,00:03:03
2023-01-12 08:14:00.000,Stokey,00:02:03
2023-01-12 08:22:00.000,Readytostartagain,00:01:31
2023-01-12 08:29:00.000,Welshwabbit,00:01:24
2023-01-12 11:37:00.000,Pollywoddles,00:02:22
2023-01-12 18:20:00.000,Squiz81,00:02:21
2023-01-12 20:51:00.000,IGoWalkingAfterMidnight,00:01:50
2023-01-13 00:01:00.000,MarmiteWine,00:00:52
2023-01-13 00:15:00.000,Floralnomad,00:01:18
2023-01-13 06:20:00.000,Hepzibar,00:01:28
2023-01-13 07:05:00.000,DadDadDad,00:02:47
2023-01-13 07:06:00.000,oviraptor21,00:00:58
2023-01-13 07:07:00.000,Buttalapasta,00:01:00
2023-01-13 08:14:00.000,Stokey,00:01:56
2023-01-13 08:21:00.000,Readytostartagain,00:01:35
2023-01-13 10:49:00.000,Piemam,00:01:09
2023-01-13 14:05:00.000,UmbilicusProfundus,00:01:22
2023-01-13 16:29:00.000,hoochyhag,00:02:17
2023-01-13 17:01:00.000,IGoWalkingAfterMidnight,00:01:35
2023-01-13 17:07:00.000,LaChatte,00:00:49
2023-01-14 00:20:00.000,Floralnomad,00:01:14
2023-01-14 03:36:00.000,Pollywoddles,00:04:02
2023-01-14 07:16:00.000,Buttalapasta,00:03:11
2023-01-14 07:51:00.000,JoyDivisionOvenGlovesx,00:00:59
2023-01-14 08:08:00.000,Drywhitefruitycidergin,00:02:07
2023-01-14 08:10:00.000,Albaniarocks,00:00:52
2023-01-14 08:14:00.000,Hepzibar,00:01:45
2023-01-14 08:16:00.000,Readytostartagain,00:01:37
2023-01-14 08:25:00.000,oviraptor21,00:00:59
2023-01-14 08:43:00.000,DadDadDad,00:02:23
2023-01-14 10:43:00.000,MarmiteWine,00:01:21
2023-01-14 11:08:00.000,Piemam,00:00:53
2023-01-14 14:18:00.000,Stokey,00:02:45
2023-01-14 17:32:00.000,hoochyhag,00:05:29
2023-01-14 21:40:00.000,IGoWalkingAfterMidnight,00:02:10
2023-01-15 01:30:00.000,Floralnomad,00:01:50
2023-01-15 07:06:00.000,Hepzibar,00:03:26
2023-01-15 08:03:00.000,Albaniarocks,00:01:25
2023-01-15 09:09:00.000,JoyDivisionOvenGlovesx,00:01:11
2023-01-15 09:16:00.000,Readytostartagain,00:03:53
2023-01-15 09:25:00.000,DadDadDad,00:06:38
2023-01-15 10:13:00.000,IGoWalkingAfterMidnight,00:06:05
2023-01-15 10:54:00.000,Drywhitefruitycidergin,00:04:11
2023-01-15 11:11:00.000,WoeBeCome,00:03:11
2023-01-15 17:00:00.000,hoochyhag,00:08:41
2023-01-15 17:41:00.000,Stokey,00:01:52
2023-01-15 18:18:00.000,MarmiteWine,00:01:57
2023-01-16 00:07:00.000,Pollywoddles,00:01:16
2023-01-16 00:09:00.000,Drywhitefruitycidergin,00:01:50
2023-01-16 00:11:00.000,Floralnomad,00:01:30
2023-01-16 00:54:00.000,FeinCuroxiVooz,00:01:24
2023-01-16 04:47:00.000,JoyDivisionOvenGlovesx,00:00:49
2023-01-16 06:22:00.000,Hepzibar,00:02:13
2023-01-16 07:20:00.000,DadDadDad,00:01:32
2023-01-16 07:34:00.000,Albaniarocks,00:00:51
2023-01-16 08:56:00.000,Readytostartagain,00:02:03
2023-01-16 10:58:00.000,Stokey,00:02:57
2023-01-16 14:09:00.000,WoeBeCome,00:01:47
2023-01-16 16:47:00.000,hoochyhag,00:03:48
2023-01-16 18:18:00.000,MarmiteWine,00:00:57
2023-01-17 00:15:00.000,Floralnomad,00:00:48
2023-01-17 00:21:00.000,Drywhitefruitycidergin,00:01:04
2023-01-17 06:19:00.000,JoyDivisionOvenGlovesx,00:00:48
2023-01-17 06:48:00.000,FeinCuroxiVooz,00:01:29
2023-01-17 07:10:00.000,Buttalapasta,00:01:26
2023-01-17 07:51:00.000,Stokey,00:01:09
2023-01-17 09:03:00.000,DadDadDad,00:01:03
2023-01-17 11:22:00.000,Pollywoddles,00:01:03
2023-01-17 16:51:00.000,hoochyhag,00:02:25
2023-01-17 17:24:00.000,Readytostartagain,00:01:03
2023-01-17 18:20:00.000,IGoWalkingAfterMidnight,00:00:59
2023-01-17 19:54:00.000,MarmiteWine,00:00:51
2023-01-18 00:05:00.000,Floralnomad,00:01:41
2023-01-18 00:07:00.000,Pollywoddles,00:01:49
2023-01-18 00:20:00.000,Drywhitefruitycidergin,00:02:18
2023-01-18 05:57:00.000,JoyDivisionOvenGlovesx,00:00:50
2023-01-18 06:05:00.000,Welshwabbit,00:01:02
2023-01-18 06:21:00.000,Hepzibar,00:03:34
2023-01-18 07:27:00.000,Stokey,00:01:39
2023-01-18 07:30:00.000,DadDadDad,00:01:31
2023-01-18 08:35:00.000,Readytostartagain,00:01:19
2023-01-18 16:25:00.000,hoochyhag,00:04:04
2023-01-18 17:08:00.000,IGoWalkingAfterMidnight,00:01:22
2023-01-18 19:38:00.000,MarmiteWine,00:01:21
2023-01-19 00:08:00.000,Floralnomad,00:01:00
2023-01-19 06:09:00.000,Hepzibar,00:02:58
2023-01-19 06:26:00.000,JoyDivisionOvenGlovesx,00:01:17
2023-01-19 07:04:00.000,oviraptor21,00:00:58
2023-01-19 07:13:00.000,Drywhitefruitycidergin,00:01:23
2023-01-19 08:03:00.000,Stokey,00:02:16
2023-01-19 12:39:00.000,Albaniarocks,00:00:52
2023-01-19 17:06:00.000,hoochyhag,00:02:30
2023-01-19 17:28:00.000,IGoWalkingAfterMidnight,00:02:00
2023-01-19 17:31:00.000,Readytostartagain,00:01:12
2023-01-19 18:20:00.000,MarmiteWine,00:00:48
2023-01-19 18:50:00.000,DadDadDad,00:01:35
2023-01-20 00:25:00.000,Floralnomad,00:01:36
2023-01-20 00:38:00.000,Drywhitefruitycidergin,00:02:43
2023-01-20 05:33:00.000,JoyDivisionOvenGlovesx,00:01:29
2023-01-20 06:30:00.000,Hepzibar,00:03:40
2023-01-20 06:47:00.000,Buttalapasta,00:02:01
2023-01-20 08:16:00.000,DadDadDad,00:04:11
2023-01-20 08:48:00.000,Readytostartagain,00:01:52
2023-01-20 09:00:00.000,Stokey,00:01:36
2023-01-20 10:33:00.000,Albaniarocks,00:01:08
2023-01-20 16:21:00.000,hoochyhag,00:08:46
2023-01-20 16:43:00.000,IGoWalkingAfterMidnight,00:02:23
2023-01-20 19:29:00.000,WoeBeCome,00:02:36
2023-01-20 19:38:00.000,MarmiteWine,00:01:02
2023-01-21 00:16:00.000,DadDadDad,00:02:07
2023-01-21 01:11:00.000,Floralnomad,00:01:56
2023-01-21 06:51:00.000,Buttalapasta,00:02:02
2023-01-21 06:55:00.000,JoyDivisionOvenGlovesx,00:01:28
2023-01-21 07:40:00.000,Hepzibar,00:04:19
2023-01-21 08:06:00.000,Drywhitefruitycidergin,00:08:20
2023-01-21 10:28:00.000,Stokey,00:01:24
2023-01-21 11:36:00.000,IGoWalkingAfterMidnight,00:02:48
2023-01-21 11:51:00.000,Readytostartagain,00:02:18
2023-01-21 11:57:00.000,MarmiteWine,00:01:40
2023-01-21 12:37:00.000,oviraptor21,00:01:53
2023-01-21 17:39:00.000,hoochyhag,00:11:17
2023-01-22 06:08:00.000,JoyDivisionOvenGlovesx,00:00:49
2023-01-22 06:41:00.000,Buttalapasta,00:02:34
2023-01-22 08:22:00.000,oviraptor21,00:01:30
2023-01-22 08:27:00.000,Hepzibar,00:02:58
2023-01-22 08:48:00.000,DadDadDad,00:05:06
2023-01-22 10:50:00.000,IGoWalkingAfterMidnight,00:02:36
2023-01-22 11:21:00.000,Floralnomad,00:01:56
2023-01-22 12:12:00.000,Albaniarocks,00:01:06
2023-01-22 12:15:00.000,Readytostartagain,00:04:46
2023-01-22 16:58:00.000,hoochyhag,00:06:11
2023-01-22 17:27:00.000,MarmiteWine,00:01:59
2023-01-22 19:35:00.000,Drywhitefruitycidergin,00:02:43
2023-01-23 00:07:00.000,Floralnomad,00:01:25
2023-01-23 00:18:00.000,Drywhitefruitycidergin,00:01:41
2023-01-23 05:40:00.000,JoyDivisionOvenGlovesx,00:01:13
2023-01-23 06:23:00.000,Hepzibar,00:02:49
2023-01-23 06:35:00.000,Buttalapasta,00:02:45
2023-01-23 08:18:00.000,DadDadDad,00:01:05
2023-01-23 08:27:00.000,Readytostartagain,00:01:13
2023-01-23 10:04:00.000,WoeBeCome,00:01:19
2023-01-23 12:32:00.000,Albaniarocks,00:01:05
2023-01-23 15:44:00.000,MarmiteWine,00:01:34
2023-01-23 17:03:00.000,hoochyhag,00:05:14
2023-01-23 21:25:00.000,IGoWalkingAfterMidnight,00:06:40
2023-01-24 00:07:00.000,Floralnomad,00:01:10
2023-01-24 00:11:00.000,Drywhitefruitycidergin,00:02:40
2023-01-24 05:55:00.000,sanityisamyth,00:01:18
2023-01-24 06:41:00.000,Buttalapasta,00:02:27
2023-01-24 06:42:00.000,Hepzibar,00:02:26
2023-01-24 07:02:00.000,DadDadDad,00:01:33
2023-01-24 07:21:00.000,oviraptor21,00:00:57
2023-01-24 07:33:00.000,JoyDivisionOvenGlovesx,00:00:40
2023-01-24 07:33:00.000,Stokey,00:01:29
2023-01-24 08:21:00.000,Squiz81,00:00:49
2023-01-24 08:25:00.000,Readytostartagain,00:00:56
2023-01-24 10:20:00.000,Madcats,00:03:14
2023-01-24 12:19:00.000,Albaniarocks,00:00:57
2023-01-24 17:14:00.000,hoochyhag,00:02:43
2023-01-24 21:45:00.000,MarmiteWine,00:17:16
2023-01-25 00:23:00.000,Drywhitefruitycidergin,00:04:48
2023-01-25 05:50:00.000,JoyDivisionOvenGlovesx,00:00:52
2023-01-25 07:54:00.000,Stokey,00:02:40
2023-01-25 10:43:00.000,Madcats,00:05:15
2023-01-25 12:39:00.000,MarmiteWine,00:01:16
2023-01-25 16:34:00.000,Readytostartagain,00:02:18
2023-01-25 16:44:00.000,hoochyhag,00:08:24
2023-01-25 16:57:00.000,IGoWalkingAfterMidnight,00:02:27
2023-01-26 00:12:00.000,LikeTearsInRain,00:01:25
2023-01-26 00:16:00.000,Floralnomad,00:01:47
2023-01-26 05:37:00.000,Hepzibar,00:03:41
2023-01-26 05:48:00.000,JoyDivisionOvenGlovesx,00:07:12
2023-01-26 06:40:00.000,Drywhitefruitycidergin,00:02:01
2023-01-26 07:23:00.000,DadDadDad,00:01:18
2023-01-26 07:47:00.000,Stokey,00:01:41
2023-01-26 08:02:00.000,BarkHorse,00:01:35
2023-01-26 08:18:00.000,Welshwabbit,00:00:57
2023-01-26 10:26:00.000,WoeBeCome,00:01:16
2023-01-26 12:24:00.000,Readytostartagain,00:00:51
2023-01-26 17:50:00.000,hoochyhag,00:02:11
2023-01-26 19:53:00.000,IGoWalkingAfterMidnight,00:01:29
2023-01-26 23:16:00.000,MarmiteWine,00:00:38
2023-01-27 07:20:00.000,JoyDivisionOvenGlovesx,00:01:31
2023-01-27 07:44:00.000,UmbilicusProfundus,00:06:02
2023-01-27 08:17:00.000,DadDadDad,00:06:42
2023-01-27 08:28:00.000,Stokey,00:03:00
2023-01-27 09:22:00.000,Albaniarocks,00:01:26
2023-01-27 12:57:00.000,Readytostartagain,00:02:35
2023-01-27 15:51:00.000,hoochyhag,00:08:50
2023-01-27 17:44:00.000,Buttalapasta,00:15:51
2023-01-27 19:24:00.000,Drywhitefruitycidergin,00:04:06
2023-01-27 22:55:00.000,MarmiteWine,00:01:08
2023-01-28 00:22:00.000,Drywhitefruitycidergin,00:01:13
2023-01-28 00:48:00.000,Floralnomad,00:01:22
2023-01-28 05:52:00.000,JoyDivisionOvenGlovesx,00:01:03
2023-01-28 06:59:00.000,sanityisamyth,00:01:04
2023-01-28 07:06:00.000,Buttalapasta,00:01:33
2023-01-28 07:14:00.000,Hepzibar,00:03:47
2023-01-28 08:10:00.000,Albaniarocks,00:00:56
2023-01-28 08:34:00.000,DadDadDad,00:01:23
2023-01-28 09:28:00.000,Stokey,00:01:32
2023-01-28 10:40:00.000,IGoWalkingAfterMidnight,00:01:40
2023-01-28 14:01:00.000,UmbilicusProfundus,00:01:21
2023-01-28 14:37:00.000,Readytostartagain,00:01:36
2023-01-28 16:00:00.000,Welshwabbit,00:00:59
2023-01-28 16:44:00.000,hoochyhag,00:02:39
2023-01-28 21:40:00.000,MarmiteWine,00:01:11
2023-01-29 07:10:00.000,Hepzibar,00:04:36
2023-01-29 08:03:00.000,oviraptor21,00:01:52
2023-01-29 08:13:00.000,Drywhitefruitycidergin,00:04:31
2023-01-29 08:31:00.000,Albaniarocks,00:01:20
2023-01-29 08:35:00.000,Buttalapasta,00:01:26
2023-01-29 08:45:00.000,Stokey,00:02:29
2023-01-29 08:47:00.000,DadDadDad,00:02:11
2023-01-29 09:02:00.000,LikeTearsInRain,00:02:55
2023-01-29 09:09:00.000,JoyDivisionOvenGlovesx,00:01:16
2023-01-29 11:34:00.000,Floralnomad,00:02:01
2023-01-29 13:42:00.000,IGoWalkingAfterMidnight,00:06:17
2023-01-29 15:21:00.000,Readytostartagain,00:00:50
2023-01-29 16:07:00.000,UmbilicusProfundus,00:01:11
2023-01-29 17:27:00.000,hoochyhag,00:03:45
2023-01-29 20:45:00.000,MarmiteWine,00:00:45
2023-01-30 00:07:00.000,Floralnomad,00:01:19
2023-01-30 00:20:00.000,Drywhitefruitycidergin,00:01:49
2023-01-30 06:10:00.000,JoyDivisionOvenGlovesx,00:05:09
2023-01-30 06:22:00.000,PenguinsCantFly,00:02:13
2023-01-30 07:14:00.000,DadDadDad,00:01:39
2023-01-30 07:57:00.000,Stokey,00:01:10
2023-01-30 08:12:00.000,Readytostartagain,00:02:08
2023-01-30 08:34:00.000,Buttalapasta,00:03:18
2023-01-30 09:18:00.000,Albaniarocks,00:01:48
2023-01-30 16:44:00.000,hoochyhag,00:05:00
2023-01-30 17:59:00.000,MarmiteWine,00:05:53
2023-01-30 22:48:00.000,UmbilicusProfundus,00:01:22
2023-01-31 01:54:00.000,Floralnomad,00:01:09
2023-01-31 05:03:00.000,JoyDivisionOvenGlovesx,00:01:17
2023-01-31 06:35:00.000,Hepzibar,00:02:55
2023-01-31 07:11:00.000,Drywhitefruitycidergin,00:03:34
2023-01-31 07:13:00.000,DadDadDad,00:01:57
2023-01-31 08:02:00.000,oviraptor21,00:00:55
2023-01-31 08:16:00.000,Readytostartagain,00:01:01
2023-01-31 08:38:00.000,Albaniarocks,00:00:50
2023-01-31 12:23:00.000,Stokey,00:01:56
2023-01-31 19:52:00.000,MarmiteWine,00:00:55
2023-01-31 21:33:00.000,IGoWalkingAfterMidnight,00:04:06
2023-02-01 01:08:00.000,Drywhitefruitycidergin,00:03:37
2023-02-01 06:38:00.000,oviraptor21,00:03:03
2023-02-01 07:12:00.000,DadDadDad,00:01:37
2023-02-01 07:44:00.000,Stokey,00:02:15
2023-02-01 08:01:00.000,Buttalapasta,00:04:14
2023-02-01 08:12:00.000,JoyDivisionOvenGlovesx,00:01:40
2023-02-01 13:15:00.000,Readytostartagain,00:05:02
2023-02-01 16:58:00.000,hoochyhag,00:05:03
2023-02-01 17:19:00.000,Floralnomad,00:01:46
2023-02-01 20:12:00.000,MarmiteWine,00:01:43
2023-02-01 22:17:00.000,UmbilicusProfundus,00:01:53
2023-02-02 00:34:00.000,Floralnomad,00:01:25
2023-02-02 06:48:00.000,JoyDivisionOvenGlovesx,00:00:43
2023-02-02 06:54:00.000,Drywhitefruitycidergin,00:03:05
2023-02-02 07:04:00.000,DadDadDad,00:01:29
2023-02-02 07:19:00.000,Buttalapasta,00:02:01
2023-02-02 07:38:00.000,Stokey,00:02:36
2023-02-02 08:39:00.000,LikeTearsInRain,00:02:59
2023-02-02 10:48:00.000,Madcats,00:04:20
2023-02-02 14:19:00.000,Readytostartagain,00:01:14
2023-02-02 22:59:00.000,MarmiteWine,00:01:11
2023-02-03 00:20:00.000,Drywhitefruitycidergin,00:03:48
2023-02-03 05:06:00.000,sanityisamyth,00:01:28
2023-02-03 05:50:00.000,JoyDivisionOvenGlovesx,00:00:51
2023-02-03 06:52:00.000,PenguinsCantFly,00:06:16
2023-02-03 07:21:00.000,DadDadDad,00:07:30
2023-02-03 08:08:00.000,oviraptor21,00:00:54
2023-02-03 08:57:00.000,Albaniarocks,00:01:47
2023-02-03 10:22:00.000,Floralnomad,00:03:36
2023-02-03 15:56:00.000,Readytostartagain,00:03:04
2023-02-03 16:42:00.000,hoochyhag,00:17:54
2023-02-03 20:17:00.000,MarmiteWine,00:01:57
2023-02-03 21:11:00.000,LikeTearsInRain,00:02:19
2023-02-04 00:28:00.000,Drywhitefruitycidergin,00:01:21
2023-02-04 05:57:00.000,JoyDivisionOvenGlovesx,00:00:53
2023-02-04 07:55:00.000,Stokey,00:01:05
2023-02-04 08:46:00.000,DadDadDad,00:01:23
2023-02-04 08:56:00.000,Albaniarocks,00:01:15
2023-02-04 09:13:00.000,Readytostartagain,00:01:14
2023-02-04 11:52:00.000,IGoWalkingAfterMidnight,00:02:25
2023-02-04 12:25:00.000,Floralnomad,00:01:56
2023-02-04 16:47:00.000,hoochyhag,00:05:10
2023-02-04 19:51:00.000,MarmiteWine,00:01:49
2023-02-05 00:20:00.000,Drywhitefruitycidergin,00:05:22
2023-02-05 01:32:00.000,Floralnomad,00:01:40
2023-02-05 04:45:00.000,sanityisamyth,00:03:31
2023-02-05 07:53:00.000,JoyDivisionOvenGlovesx,00:00:49
2023-02-05 08:35:00.000,DadDadDad,00:01:24
2023-02-05 08:35:00.000,Readytostartagain,00:02:46
2023-02-05 09:23:00.000,Stokey,00:01:27
2023-02-05 11:09:00.000,IGoWalkingAfterMidnight,00:03:04
2023-02-05 11:18:00.000,UmbilicusProfundus,00:01:09
2023-02-05 17:29:00.000,hoochyhag,00:07:50
2023-02-05 21:30:00.000,MarmiteWine,00:02:10
2023-02-06 00:27:00.000,Welshwabbit,00:00:47
2023-02-06 00:36:00.000,Drywhitefruitycidergin,00:01:11
2023-02-06 00:48:00.000,Floralnomad,00:01:06
2023-02-06 04:29:00.000,Pollywoddles,00:01:03
2023-02-06 04:47:00.000,JoyDivisionOvenGlovesx,00:00:50
2023-02-06 07:20:00.000,DadDadDad,00:01:16
2023-02-06 07:43:00.000,Albaniarocks,00:00:43
2023-02-06 07:55:00.000,Stokey,00:00:48
2023-02-06 16:51:00.000,Readytostartagain,00:01:15
2023-02-06 16:56:00.000,hoochyhag,00:02:38
2023-02-06 19:13:00.000,MarmiteWine,00:00:57
2023-02-06 19:22:00.000,oviraptor21,00:00:49
2023-02-06 20:23:00.000,IGoWalkingAfterMidnight,00:01:49
2023-02-07 00:09:00.000,Drywhitefruitycidergin,00:01:14
2023-02-07 01:00:00.000,Floralnomad,00:00:49
2023-02-07 07:18:00.000,DadDadDad,00:01:23
2023-02-07 07:30:00.000,sanityisamyth,00:01:18
2023-02-07 07:53:00.000,Stokey,00:02:02
2023-02-07 08:03:00.000,JoyDivisionOvenGlovesx,00:00:40
2023-02-07 17:15:00.000,hoochyhag,00:04:04
2023-02-07 17:53:00.000,Readytostartagain,00:01:03
2023-02-07 22:18:00.000,IGoWalkingAfterMidnight,00:02:14
2023-02-08 00:20:00.000,Drywhitefruitycidergin,00:02:34
2023-02-08 00:40:00.000,Floralnomad,00:01:20
2023-02-08 07:26:00.000,DadDadDad,00:02:57
2023-02-08 07:53:00.000,Albaniarocks,00:01:05
2023-02-08 08:22:00.000,JoyDivisionOvenGlovesx,00:00:55
2023-02-08 08:58:00.000,Stokey,00:01:10
2023-02-08 10:12:00.000,Madcats,00:02:51
2023-02-08 16:38:00.000,MarmiteWine,00:01:01
2023-02-08 16:49:00.000,Readytostartagain,00:02:51
2023-02-08 17:31:00.000,IGoWalkingAfterMidnight,00:02:11
2023-02-09 00:43:00.000,Floralnomad,00:02:23
2023-02-09 04:40:00.000,JoyDivisionOvenGlovesx,00:01:14
2023-02-09 07:37:00.000,Stokey,00:02:35
2023-02-09 08:13:00.000,Readytostartagain,00:01:49
2023-02-09 10:01:00.000,Drywhitefruitycidergin,00:04:51
2023-02-09 20:11:00.000,IGoWalkingAfterMidnight,00:05:04
2023-02-09 23:22:00.000,MarmiteWine,00:01:49
2023-02-10 00:36:00.000,AngeloMysterioso,00:00:21
2023-02-10 01:02:00.000,Floralnomad,00:00:50
2023-02-10 01:05:00.000,Drywhitefruitycidergin,00:00:56
2023-02-10 06:55:00.000,JoyDivisionOvenGlovesx,00:00:39
2023-02-10 07:00:00.000,sanityisamyth,00:00:36
2023-02-10 07:22:00.000,oviraptor21,00:00:41
2023-02-10 07:25:00.000,DadDadDad,00:00:52
2023-02-10 07:29:00.000,UmbilicusProfundus,00:00:30
2023-02-10 07:49:00.000,Albaniarocks,00:00:32
2023-02-10 08:30:00.000,Readytostartagain,00:00:31
2023-02-10 08:56:00.000,Stokey,00:00:38
2023-02-10 17:38:00.000,hoochyhag,00:01:39
2023-02-10 20:32:00.000,Buttalapasta,00:00:58
2023-02-10 20:35:00.000,IGoWalkingAfterMidnight,00:00:43
2023-02-10 22:18:00.000,MarmiteWine,00:00:39
2023-02-11 00:16:00.000,bruffin,00:01:12
2023-02-11 02:21:00.000,Floralnomad,00:01:03
2023-02-11 02:58:00.000,AngeloMysterioso,00:00:37
2023-02-11 07:24:00.000,JoyDivisionOvenGlovesx,00:00:38
2023-02-11 07:31:00.000,sanityisamyth,00:00:42
2023-02-11 07:58:00.000,Buttalapasta,00:00:52
2023-02-11 08:06:00.000,Drywhitefruitycidergin,00:01:16
2023-02-11 08:14:00.000,Albaniarocks,00:00:52
2023-02-11 09:07:00.000,Stokey,00:01:17
2023-02-11 09:09:00.000,Readytostartagain,00:01:03
2023-02-11 09:57:00.000,DadDadDad,00:01:17
2023-02-11 17:03:00.000,Hepzibar,00:01:18
2023-02-11 17:06:00.000,hoochyhag,00:02:21
2023-02-11 18:29:00.000,oviraptor21,00:00:52
2023-02-11 19:26:00.000,MarmiteWine,00:01:06
2023-02-12 00:15:00.000,Drywhitefruitycidergin,00:01:47
2023-02-12 02:10:00.000,Floralnomad,00:01:24
2023-02-12 05:36:00.000,JoyDivisionOvenGlovesx,00:00:47
2023-02-12 07:49:00.000,Buttalapasta,00:01:04
2023-02-12 08:42:00.000,DadDadDad,00:01:45
2023-02-12 09:21:00.000,Readytostartagain,00:01:20
2023-02-12 10:10:00.000,Stokey,00:01:22
2023-02-12 12:40:00.000,IGoWalkingAfterMidnight,00:01:55
2023-02-12 17:50:00.000,oviraptor21,00:06:51
2023-02-13 01:30:00.000,Floralnomad,00:00:54
2023-02-13 06:05:00.000,JoyDivisionOvenGlovesx,00:00:46
2023-02-13 07:24:00.000,DadDadDad,00:01:55
2023-02-13 07:43:00.000,oviraptor21,00:01:02
2023-02-13 08:34:00.000,Drywhitefruitycidergin,00:02:10
2023-02-13 08:55:00.000,Stokey,00:02:12
2023-02-13 14:12:00.000,Readytostartagain,00:00:52
2023-02-13 16:58:00.000,hoochyhag,00:03:00
2023-02-13 18:40:00.000,MarmiteWine,00:00:52
2023-02-13 22:04:00.000,IGoWalkingAfterMidnight,00:02:13
2023-02-14 01:03:00.000,Floralnomad,00:01:25
2023-02-14 01:18:00.000,Drywhitefruitycidergin,00:07:51
2023-02-14 04:48:00.000,JoyDivisionOvenGlovesx,00:01:28
2023-02-14 07:21:00.000,DadDadDad,00:03:29
2023-02-14 07:52:00.000,Albaniarocks,00:01:55
2023-02-14 09:07:00.000,Stokey,00:03:10
2023-02-14 16:46:00.000,Readytostartagain,00:03:50
2023-02-14 17:01:00.000,hoochyhag,00:07:54
2023-02-14 20:13:00.000,MarmiteWine,00:03:49
2023-02-14 20:46:00.000,IGoWalkingAfterMidnight,00:02:53
2023-02-15 02:01:00.000,Floralnomad,00:01:22
2023-02-15 05:59:00.000,JoyDivisionOvenGlovesx,00:01:18
2023-02-15 06:54:00.000,Drywhitefruitycidergin,00:04:47
2023-02-15 07:22:00.000,DadDadDad,00:01:43
2023-02-15 07:49:00.000,Albaniarocks,00:01:05
2023-02-15 08:13:00.000,UmbilicusProfundus,00:00:59
2023-02-15 09:16:00.000,Stokey,00:01:16
2023-02-15 11:28:00.000,MarmiteWine,00:00:47
2023-02-15 17:06:00.000,Readytostartagain,00:01:21
2023-02-15 17:35:00.000,hoochyhag,00:09:47
2023-02-15 17:49:00.000,IGoWalkingAfterMidnight,00:01:52
2023-02-16 01:19:00.000,Floralnomad,00:01:36
2023-02-16 05:07:00.000,JoyDivisionOvenGlovesx,00:01:05
2023-02-16 07:47:00.000,DadDadDad,00:02:00
2023-02-16 08:44:00.000,Albaniarocks,00:01:21
2023-02-16 09:49:00.000,Stokey,00:01:47
2023-02-16 11:23:00.000,WoeBeCome,00:01:44
2023-02-16 11:38:00.000,Readytostartagain,00:01:22
2023-02-16 16:35:00.000,hoochyhag,00:05:14
2023-02-16 18:27:00.000,MarmiteWine,00:01:10
2023-02-16 19:01:00.000,Drywhitefruitycidergin,00:04:05
2023-02-16 20:16:00.000,IGoWalkingAfterMidnight,00:03:29
2023-02-17 06:33:00.000,sanityisamyth,00:01:52
2023-02-17 06:41:00.000,JoyDivisionOvenGlovesx,00:00:51
2023-02-17 06:46:00.000,Buttalapasta,00:01:34
2023-02-17 07:14:00.000,DadDadDad,00:03:23
2023-02-17 07:32:00.000,Albaniarocks,00:01:01
2023-02-17 08:58:00.000,Stokey,00:01:04
2023-02-17 09:50:00.000,Drywhitefruitycidergin,00:04:09
2023-02-17 11:50:00.000,Floralnomad,00:01:25
2023-02-17 12:19:00.000,MarmiteWine,00:00:58
2023-02-17 16:23:00.000,hoochyhag,00:06:46
2023-02-17 17:57:00.000,Readytostartagain,00:02:26
2023-02-17 20:57:00.000,IGoWalkingAfterMidnight,00:01:42
2023-02-18 01:54:00.000,Floralnomad,00:01:20
2023-02-18 07:54:00.000,Readytostartagain,00:03:06
2023-02-18 08:20:00.000,JoyDivisionOvenGlovesx,00:00:59
2023-02-18 09:08:00.000,IGoWalkingAfterMidnight,00:06:17
2023-02-18 09:12:00.000,Stokey,00:02:27
2023-02-18 09:28:00.000,DadDadDad,00:01:29
2023-02-18 12:29:00.000,MarmiteWine,00:00:43
2023-02-18 12:47:00.000,Drywhitefruitycidergin,00:03:17
2023-02-18 16:02:00.000,hoochyhag,00:02:39
2023-02-19 06:07:00.000,JoyDivisionOvenGlovesx,00:00:49
2023-02-19 08:34:00.000,Stokey,00:01:24
2023-02-19 08:34:00.000,DadDadDad,00:01:49
2023-02-19 08:46:00.000,Albaniarocks,00:01:17
2023-02-19 09:38:00.000,MarmiteWine,00:01:10
2023-02-19 10:21:00.000,Drywhitefruitycidergin,00:03:51
2023-02-19 10:45:00.000,Floralnomad,00:01:49
2023-02-19 13:49:00.000,Readytostartagain,00:03:08
2023-02-19 17:19:00.000,hoochyhag,00:07:42
2023-02-20 00:06:00.000,Floralnomad,00:01:13
2023-02-20 00:10:00.000,bruffin,00:01:19
2023-02-20 00:25:00.000,Drywhitefruitycidergin,00:01:28
2023-02-20 04:48:00.000,JoyDivisionOvenGlovesx,00:00:59
2023-02-20 07:12:00.000,DadDadDad,00:01:26
2023-02-20 07:16:00.000,sanityisamyth,00:01:08
2023-02-20 12:42:00.000,Readytostartagain,00:00:41
2023-02-20 17:20:00.000,hoochyhag,00:06:00
2023-02-20 20:03:00.000,IGoWalkingAfterMidnight,00:01:32
2023-02-20 22:17:00.000,MarmiteWine,00:00:40
2023-02-21 01:30:00.000,Floralnomad,00:01:01
2023-02-21 05:14:00.000,JoyDivisionOvenGlovesx,00:00:45
2023-02-21 07:02:00.000,DadDadDad,00:01:39
2023-02-21 10:28:00.000,Drywhitefruitycidergin,00:04:48
2023-02-21 10:30:00.000,Albaniarocks,00:01:11
2023-02-21 14:28:00.000,Readytostartagain,00:01:16
2023-02-21 16:49:00.000,hoochyhag,00:06:12
2023-02-21 22:26:00.000,MarmiteWine,00:00:56
2023-02-22 00:19:00.000,Floralnomad,00:00:52
2023-02-22 05:57:00.000,JoyDivisionOvenGlovesx,00:01:34
2023-02-22 06:30:00.000,Drywhitefruitycidergin,00:01:26
2023-02-22 07:24:00.000,DadDadDad,00:01:12
2023-02-22 07:44:00.000,Stokey,00:03:25
2023-02-22 07:59:00.000,Albaniarocks,00:01:07
2023-02-22 10:58:00.000,MarmiteWine,00:01:24
2023-02-22 17:51:00.000,IGoWalkingAfterMidnight,00:01:18
2023-02-22 18:02:00.000,hoochyhag,00:03:54
2023-02-22 20:24:00.000,Readytostartagain,00:01:32
2023-02-23 01:05:00.000,Floralnomad,00:01:34
2023-02-23 05:32:00.000,JoyDivisionOvenGlovesx,00:00:59
2023-02-23 07:42:00.000,DadDadDad,00:02:27
2023-02-23 08:28:00.000,Stokey,00:01:26
2023-02-23 09:20:00.000,Readytostartagain,00:01:25
2023-02-23 09:23:00.000,IGoWalkingAfterMidnight,00:01:34
2023-02-23 17:15:00.000,hoochyhag,00:09:49
2023-02-23 22:12:00.000,MarmiteWine,00:01:17
2023-02-23 22:43:00.000,Drywhitefruitycidergin,00:06:17
2023-02-24 00:16:00.000,Floralnomad,00:00:56
2023-02-24 01:25:00.000,Drywhitefruitycidergin,00:01:47
2023-02-24 07:03:00.000,DadDadDad,00:01:00
2023-02-24 07:36:00.000,Stokey,00:01:01
2023-02-24 07:53:00.000,UmbilicusProfundus,00:00:57
2023-02-24 08:24:00.000,JoyDivisionOvenGlovesx,00:00:54
2023-02-24 17:07:00.000,Readytostartagain,00:01:22
2023-02-24 17:44:00.000,hoochyhag,00:11:30
2023-02-24 22:17:00.000,MarmiteWine,00:00:57
2023-02-25 08:47:00.000,DadDadDad,00:01:48
2023-02-25 08:57:00.000,Drywhitefruitycidergin,00:03:37
2023-02-25 09:02:00.000,Stokey,00:02:22
2023-02-25 09:35:00.000,JoyDivisionOvenGlovesx,00:00:49
2023-02-25 11:07:00.000,MarmiteWine,00:01:07
2023-02-25 15:59:00.000,hoochycrone,00:05:57
2023-02-25 20:06:00.000,IGoWalkingAfterMidnight,00:01:53
2023-02-26 00:30:00.000,Floralnomad,00:01:04
2023-02-26 00:37:00.000,Drywhitefruitycidergin,00:01:48
2023-02-26 02:34:00.000,Buttalapasta,00:01:16
2023-02-26 05:33:00.000,sanityisamyth,00:01:00
2023-02-26 08:39:00.000,JoyDivisionOvenGlovesx,00:00:46
2023-02-26 09:07:00.000,DadDadDad,00:01:49
2023-02-26 10:12:00.000,UmbilicusProfundus,00:00:51
2023-02-26 12:28:00.000,Readytostartagain,00:01:11
2023-02-26 17:19:00.000,hoochycrone,00:08:25
2023-02-26 20:14:00.000,MarmiteWine,00:00:37
2023-02-27 00:41:00.000,Drywhitefruitycidergin,00:02:17
2023-02-27 02:24:00.000,sanityisamyth,00:00:57
2023-02-27 05:20:00.000,JoyDivisionOvenGlovesx,00:00:49
2023-02-27 07:11:00.000,DadDadDad,00:01:14
2023-02-27 07:41:00.000,UmbilicusProfundus,00:00:44
2023-02-27 08:11:00.000,Stokey,00:02:36
2023-02-27 14:39:00.000,Floralnomad,00:01:07
2023-02-27 15:33:00.000,MarmiteWine,00:00:38
2023-02-27 17:25:00.000,hoochycrone,00:03:05
2023-02-27 22:22:00.000,Readytostartagain,00:01:06
2023-02-28 01:15:00.000,Floralnomad,00:01:55
2023-02-28 05:05:00.000,Drywhitefruitycidergin,00:01:46
2023-02-28 06:15:00.000,sanityisamyth,00:01:49
2023-02-28 07:09:00.000,JoyDivisionOvenGlovesx,00:00:40
2023-02-28 07:31:00.000,DadDadDad,00:01:53
2023-02-28 07:33:00.000,Stokey,00:01:27
2023-02-28 17:10:00.000,hoochycrone,00:05:46
2023-02-28 21:23:00.000,Readytostartagain,00:01:52
2023-02-28 22:34:00.000,IGoWalkingAfterMidnight,00:03:38
2023-02-28 23:06:00.000,MarmiteWine,00:01:17
2023-02-28 23:42:00.000,UmbilicusProfundus,00:01:40
2023-03-01 00:12:00.000,Drywhitefruitycidergin,00:01:24
2023-03-01 01:25:00.000,Floralnomad,00:00:54
2023-03-01 04:10:00.000,JoyDivisionOvenGlovesx,00:00:46
2023-03-01 06:46:00.000,Albaniarocks,00:00:38
2023-03-01 07:14:00.000,sanityisamyth,00:00:58
2023-03-01 07:16:00.000,DadDadDad,00:01:36
2023-03-01 07:37:00.000,Stokey,00:01:12
2023-03-01 14:39:00.000,Madcats,00:01:45
2023-03-01 17:15:00.000,hoochycrone,00:02:53
2023-03-01 18:22:00.000,Readytostartagain,00:01:15
2023-03-01 18:54:00.000,UmbilicusProfundus,00:00:43
2023-03-01 18:57:00.000,MarmiteWine,00:00:46
2023-03-02 00:21:00.000,Drywhitefruitycidergin,00:01:49
2023-03-02 01:24:00.000,Floralnomad,00:01:35
2023-03-02 04:25:00.000,sanityisamyth,00:01:57
2023-03-02 06:06:00.000,JoyDivisionOvenGlovesx,00:00:45
2023-03-02 07:10:00.000,DadDadDad,00:01:41
2023-03-02 07:22:00.000,Albaniarocks,00:00:51
2023-03-02 16:46:00.000,Readytostartagain,00:01:09
2023-03-02 16:49:00.000,hoochycrone,00:05:04
2023-03-02 21:44:00.000,IGoWalkingAfterMidnight,00:01:58
2023-03-02 23:26:00.000,MarmiteWine,00:01:20
2023-03-03 00:04:00.000,sanityisamyth,00:01:12
2023-03-03 00:33:00.000,Drywhitefruitycidergin,00:01:37
2023-03-03 00:48:00.000,Floralnomad,00:01:04
2023-03-03 04:07:00.000,JoyDivisionOvenGlovesx,00:00:53
2023-03-03 07:14:00.000,DadDadDad,00:01:42
2023-03-03 08:36:00.000,Readytostartagain,00:02:01
2023-03-03 08:55:00.000,Madcats,00:02:41
2023-03-03 16:18:00.000,hoochycrone,00:06:11
2023-03-03 21:22:00.000,Hepzibar,00:02:07
2023-03-04 00:52:00.000,Floralnomad,00:01:21
2023-03-04 06:27:00.000,sanityisamyth,00:01:37
2023-03-04 08:52:00.000,DadDadDad,00:01:40
2023-03-04 09:54:00.000,Drywhitefruitycidergin,00:03:44
2023-03-04 10:07:00.000,Readytostartagain,00:01:09
2023-03-04 13:34:00.000,MarmiteWine,00:00:59
2023-03-04 16:02:00.000,IGoWalkingAfterMidnight,00:06:52
2023-03-04 16:23:00.000,JoyDivisionOvenGlovesx,00:01:06
2023-03-04 16:57:00.000,hoochycrone,00:05:12
2023-03-05 00:06:00.000,sanityisamyth,00:00:55
2023-03-05 00:15:00.000,Drywhitefruitycidergin,00:03:31
2023-03-05 04:43:00.000,JoyDivisionOvenGlovesx,00:00:52
2023-03-05 08:44:00.000,Madcats,00:01:38
2023-03-05 08:55:00.000,DadDadDad,00:00:15
2023-03-05 09:50:00.000,Stokey,00:03:31
2023-03-05 10:04:00.000,MarmiteWine,00:00:39
2023-03-05 13:22:00.000,Readytostartagain,00:01:12
2023-03-05 14:47:00.000,Floralnomad,00:01:11
2023-03-05 14:55:00.000,IGoWalkingAfterMidnight,00:02:04
2023-03-05 17:01:00.000,hoochycrone,00:04:27
2023-03-06 06:20:00.000,JoyDivisionOvenGlovesx,00:01:11
2023-03-06 07:11:00.000,sanityisamyth,00:02:44
2023-03-06 07:17:00.000,Albaniarocks,00:00:50
2023-03-06 07:19:00.000,DadDadDad,00:02:53
2023-03-06 07:26:00.000,Stokey,00:01:34
2023-03-06 11:22:00.000,Madcats,00:02:30
2023-03-06 11:52:00.000,Drywhitefruitycidergin,00:06:50
2023-03-06 14:33:00.000,Floralnomad,00:01:26
2023-03-06 16:25:00.000,hoochycrone,00:06:09
2023-03-06 17:13:00.000,MarmiteWine,00:00:40
2023-03-06 19:17:00.000,IGoWalkingAfterMidnight,00:01:26
2023-03-06 20:50:00.000,Readytostartagain,00:02:44
2023-03-07 00:14:00.000,Drywhitefruitycidergin,00:02:45
2023-03-07 00:22:00.000,Floralnomad,00:01:55
2023-03-07 07:24:00.000,DadDadDad,00:01:59
2023-03-07 08:46:00.000,Albaniarocks,00:00:47
2023-03-07 15:25:00.000,JoyDivisionOvenGlovesx,00:02:06
2023-03-07 16:43:00.000,Readytostartagain,00:00:26
2023-03-07 17:02:00.000,hoochycrone,00:04:27
2023-03-07 20:15:00.000,MarmiteWine,00:01:46
2023-03-08 00:43:00.000,Floralnomad,00:01:10
2023-03-08 00:48:00.000,Drywhitefruitycidergin,00:02:06
2023-03-08 02:56:00.000,AngeloMysterioso,00:00:36
2023-03-08 07:11:00.000,DadDadDad,00:01:10
2023-03-08 07:38:00.000,Stokey,00:01:05
2023-03-08 08:23:00.000,JoyDivisionOvenGlovesx,00:00:40
2023-03-08 08:45:00.000,Albaniarocks,00:00:45
2023-03-08 17:39:00.000,hoochycrone,00:02:47
2023-03-08 17:47:00.000,Readytostartagain,00:00:59
2023-03-08 18:04:00.000,Buttalapasta,00:00:56
2023-03-08 18:20:00.000,IGoWalkingAfterMidnight,00:01:24
2023-03-08 20:08:00.000,MarmiteWine,00:00:37
2023-03-09 06:09:00.000,JoyDivisionOvenGlovesx,00:00:52
2023-03-09 07:13:00.000,DadDadDad,00:01:33
2023-03-09 08:46:00.000,Stokey,00:01:34
2023-03-09 08:59:00.000,Albaniarocks,00:00:33
2023-03-09 14:43:00.000,Readytostartagain,00:00:57
2023-03-09 14:55:00.000,Floralnomad,00:01:04
2023-03-09 16:10:00.000,hoochycrone,00:02:31
2023-03-09 19:45:00.000,MarmiteWine,00:00:36
2023-03-09 20:32:00.000,IGoWalkingAfterMidnight,00:01:44
2023-03-10 06:41:00.000,JoyDivisionOvenGlovesx,00:01:04
2023-03-10 07:10:00.000,DadDadDad,00:01:01
2023-03-10 07:18:00.000,Drywhitefruitycidergin,00:02:03
2023-03-10 10:09:00.000,Readytostartagain,00:01:00
2023-03-10 13:12:00.000,MarmiteWine,00:00:54
2023-03-10 14:38:00.000,Floralnomad,00:00:58
2023-03-10 16:35:00.000,hoochycrone,00:04:13
2023-03-10 21:27:00.000,IGoWalkingAfterMidnight,00:01:29
2023-03-11 06:10:00.000,JoyDivisionOvenGlovesx,00:00:49
2023-03-11 08:02:00.000,Stokey,00:01:20
2023-03-11 08:19:00.000,DadDadDad,00:01:33
2023-03-11 12:10:00.000,Readytostartagain,00:00:56
2023-03-11 12:11:00.000,Madcats,00:02:20
2023-03-11 13:31:00.000,Floralnomad,00:01:11
2023-03-11 17:01:00.000,hoochycrone,00:05:23
2023-03-11 19:20:00.000,MarmiteWine,00:00:56
2023-03-12 00:18:00.000,Drywhitefruitycidergin,00:02:13
2023-03-12 06:50:00.000,JoyDivisionOvenGlovesx,00:01:07
2023-03-12 08:22:00.000,Albaniarocks,00:00:35
2023-03-12 09:01:00.000,DadDadDad,00:01:24
2023-03-12 12:07:00.000,Floralnomad,00:01:35
2023-03-12 15:20:00.000,Readytostartagain,00:00:33
2023-03-12 16:09:00.000,UmbilicusProfundus,00:00:38
2023-03-12 16:41:00.000,hoochycrone,00:03:55
2023-03-12 19:15:00.000,IGoWalkingAfterMidnight,00:01:12
2023-03-13 01:56:00.000,Floralnomad,00:01:14
2023-03-13 06:02:00.000,sanityisamyth,00:01:08
2023-03-13 06:03:00.000,JoyDivisionOvenGlovesx,00:00:49
2023-03-13 07:38:00.000,Stokey,00:01:29
2023-03-13 07:44:00.000,DadDadDad,00:02:17
2023-03-13 07:49:00.000,Albaniarocks,00:01:09
2023-03-13 08:57:00.000,Readytostartagain,00:01:37
2023-03-13 10:35:00.000,Drywhitefruitycidergin,00:03:30
2023-03-13 17:11:00.000,hoochycrone,00:03:43
2023-03-13 21:30:00.000,IGoWalkingAfterMidnight,00:02:51
2023-03-14 00:30:00.000,Drywhitefruitycidergin,00:01:17
2023-03-14 01:09:00.000,Floralnomad,00:01:19
2023-03-14 07:17:00.000,DadDadDad,00:00:55
2023-03-14 07:27:00.000,Albaniarocks,00:00:49
2023-03-14 07:51:00.000,Stokey,00:02:33
2023-03-14 09:35:00.000,JoyDivisionOvenGlovesx,00:00:38
2023-03-14 15:18:00.000,MarmiteWine,00:00:34
2023-03-14 16:07:00.000,Readytostartagain,00:00:58
2023-03-15 00:21:00.000,Drywhitefruitycidergin,00:03:25
2023-03-15 07:28:00.000,DadDadDad,00:02:02
2023-03-15 16:18:00.000,JoyDivisionOvenGlovesx,00:01:04
2023-03-15 16:54:00.000,hoochycrone,00:08:24
2023-03-15 17:07:00.000,Readytostartagain,00:02:01
2023-03-15 17:38:00.000,MarmiteWine,00:00:46
2023-03-15 19:13:00.000,Floralnomad,00:03:10
2023-03-16 00:40:00.000,Drywhitefruitycidergin,00:02:21
2023-03-16 01:26:00.000,Floralnomad,00:01:27
2023-03-16 07:18:00.000,DadDadDad,00:03:02
2023-03-16 07:26:00.000,JoyDivisionOvenGlovesx,00:00:59
2023-03-16 16:46:00.000,hoochycrone,00:03:52
2023-03-16 22:06:00.000,MarmiteWine,00:01:21
2023-03-17 00:18:00.000,Drywhitefruitycidergin,00:01:28
2023-03-17 06:32:00.000,sanityisamyth,00:02:03
2023-03-17 07:01:00.000,JoyDivisionOvenGlovesx,00:00:45
2023-03-17 07:01:00.000,DadDadDad,00:01:15
2023-03-17 07:53:00.000,Albaniarocks,00:00:44
2023-03-17 08:08:00.000,Stokey,00:01:17
2023-03-17 09:39:00.000,Madcats,00:01:54
2023-03-17 09:52:00.000,Readytostartagain,00:01:11
2023-03-17 10:09:00.000,AngeloMysterioso,00:00:44
2023-03-17 10:57:00.000,Floralnomad,00:01:25
2023-03-17 17:41:00.000,hoochycrone,00:03:53
2023-03-17 18:20:00.000,IGoWalkingAfterMidnight,00:01:17
2023-03-17 20:00:00.000,BlandSoup,00:05:51
2023-03-17 21:19:00.000,MarmiteWine,00:01:00
2023-03-18 06:07:00.000,JoyDivisionOvenGlovesx,00:00:37
2023-03-18 09:59:00.000,DadDadDad,00:02:43
2023-03-18 10:40:00.000,Madcats,00:02:40
2023-03-18 11:23:00.000,Floralnomad,00:01:15
2023-03-18 14:12:00.000,Drywhitefruitycidergin,00:02:13
2023-03-18 21:25:00.000,Readytostartagain,00:01:06
2023-03-18 22:00:00.000,MarmiteWine,00:01:00
2023-03-18 22:15:00.000,IGoWalkingAfterMidnight,00:01:18
2023-03-19 00:25:00.000,Drywhitefruitycidergin,00:04:10
2023-03-19 00:43:00.000,Floralnomad,00:01:24
2023-03-19 05:07:00.000,JoyDivisionOvenGlovesx,00:00:53
2023-03-19 06:08:00.000,Buttalapasta,00:01:01
2023-03-19 06:10:00.000,sanityisamyth,00:01:04
2023-03-19 08:06:00.000,DadDadDad,00:01:32
2023-03-19 11:02:00.000,Stokey,00:00:56
2023-03-19 12:10:00.000,Readytostartagain,00:01:07
2023-03-19 17:07:00.000,hoochycrone,00:02:58
2023-03-19 20:38:00.000,MarmiteWine,00:00:45
2023-03-20 00:54:00.000,Drywhitefruitycidergin,00:02:47
2023-03-20 06:43:00.000,sanityisamyth,00:06:33
2023-03-20 07:00:00.000,JoyDivisionOvenGlovesx,00:01:09
2023-03-20 07:18:00.000,DadDadDad,00:02:08
2023-03-20 10:57:00.000,Floralnomad,00:01:45
2023-03-20 10:58:00.000,Readytostartagain,00:02:05
2023-03-20 11:20:00.000,Madcats,00:02:43
2023-03-20 17:03:00.000,hoochycrone,00:15:34
2023-03-20 19:59:00.000,MarmiteWine,00:01:45
2023-03-20 20:16:00.000,IGoWalkingAfterMidnight,00:02:21
2023-03-21 04:39:00.000,JoyDivisionOvenGlovesx,00:00:50
2023-03-21 05:44:00.000,sanityisamyth,00:01:03
2023-03-21 06:24:00.000,Drywhitefruitycidergin,00:04:04
2023-03-21 07:04:00.000,DadDadDad,00:01:27
2023-03-21 09:40:00.000,Madcats,00:01:43
2023-03-21 10:59:00.000,Floralnomad,00:03:18
2023-03-21 12:04:00.000,UmbilicusProfundus,00:00:48
2023-03-21 16:53:00.000,hoochycrone,00:04:13
2023-03-21 18:01:00.000,Readytostartagain,00:02:24
2023-03-21 21:12:00.000,MarmiteWine,00:00:42
2023-03-22 01:00:00.000,Floralnomad,00:00:56
2023-03-22 05:25:00.000,sanityisamyth,00:00:45
2023-03-22 06:34:00.000,Drywhitefruitycidergin,00:01:48
2023-03-22 07:18:00.000,DadDadDad,00:01:09
2023-03-22 07:28:00.000,JoyDivisionOvenGlovesx,00:00:46
2023-03-22 07:29:00.000,Stokey,00:00:48
2023-03-22 07:45:00.000,Albaniarocks,00:00:30
2023-03-22 14:28:00.000,Readytostartagain,00:00:56
2023-03-22 16:31:00.000,hoochycrone,00:01:38
2023-03-22 19:59:00.000,MarmiteWine,00:00:35
2023-03-23 01:27:00.000,Floralnomad,00:01:06
2023-03-23 03:25:00.000,sanityisamyth,00:02:01
2023-03-23 06:31:00.000,JoyDivisionOvenGlovesx,00:00:59
2023-03-23 06:58:00.000,DadDadDad,00:03:03
2023-03-23 07:56:00.000,Stokey,00:01:27
2023-03-23 08:16:00.000,Albaniarocks,00:02:32
2023-03-23 08:43:00.000,Drywhitefruitycidergin,00:01:08
2023-03-23 13:04:00.000,Readytostartagain,00:01:51
2023-03-23 13:32:00.000,AngeloMysterioso,00:00:37
2023-03-23 17:00:00.000,hoochycrone,00:05:35
2023-03-23 17:12:00.000,MarmiteWine,00:00:52
2023-03-23 20:51:00.000,IGoWalkingAfterMidnight,00:01:58
2023-03-24 00:34:00.000,Drywhitefruitycidergin,00:01:32
2023-03-24 06:17:00.000,JoyDivisionOvenGlovesx,00:00:49
2023-03-24 07:14:00.000,DadDadDad,00:01:05
2023-03-24 07:26:00.000,Stokey,00:00:47
2023-03-24 08:06:00.000,Albaniarocks,00:00:36
2023-03-24 14:07:00.000,Floralnomad,00:00:46
2023-03-24 14:09:00.000,MarmiteWine,00:00:41
2023-03-24 19:28:00.000,Readytostartagain,00:00:49
2023-03-24 21:18:00.000,IGoWalkingAfterMidnight,00:01:27
2023-03-24 21:53:00.000,AngeloMysterioso,00:00:36
2023-03-25 06:37:00.000,JoyDivisionOvenGlovesx,00:00:51
2023-03-25 07:34:00.000,Stokey,00:01:17
2023-03-25 07:39:00.000,Drywhitefruitycidergin,00:01:49
2023-03-25 08:32:00.000,Albaniarocks,00:00:53
2023-03-25 08:37:00.000,DadDadDad,00:01:19
2023-03-25 10:55:00.000,Floralnomad,00:01:08
2023-03-25 16:17:00.000,hoochycrone,00:02:31
2023-03-26 08:30:00.000,Drywhitefruitycidergin,00:01:52
2023-03-26 10:12:00.000,DadDadDad,00:03:11
2023-03-26 10:28:00.000,JoyDivisionOvenGlovesx,00:00:56
2023-03-26 10:29:00.000,Stokey,00:01:42
2023-03-26 14:35:00.000,MarmiteWine,00:00:56
2023-03-26 16:07:00.000,Readytostartagain,00:01:03
2023-03-26 17:31:00.000,hoochycrone,00:03:36
2023-03-26 20:30:00.000,Floralnomad,00:01:04
2023-03-27 00:17:00.000,Drywhitefruitycidergin,00:01:19
2023-03-27 01:20:00.000,Floralnomad,00:00:40
2023-03-27 07:26:00.000,DadDadDad,00:01:13
2023-03-27 07:37:00.000,Stokey,00:00:53
2023-03-27 09:56:00.000,JoyDivisionOvenGlovesx,00:01:21
2023-03-27 17:14:00.000,hoochycrone,00:03:07
2023-03-27 17:35:00.000,MarmiteWine,00:00:44
2023-03-27 20:44:00.000,IGoWalkingAfterMidnight,00:00:57
2023-03-28 00:12:00.000,Drywhitefruitycidergin,00:02:06
2023-03-28 06:58:00.000,JoyDivisionOvenGlovesx,00:01:00
2023-03-28 07:08:00.000,DadDadDad,00:01:41
2023-03-28 07:42:00.000,Stokey,00:01:00
2023-03-28 08:40:00.000,UmbilicusProfundus,00:00:51
2023-03-28 17:03:00.000,hoochycrone,00:02:59
2023-03-28 17:21:00.000,Floralnomad,00:01:25
2023-03-28 18:50:00.000,IGoWalkingAfterMidnight,00:01:35
2023-03-28 21:52:00.000,MarmiteWine,00:01:02
2023-03-29 00:15:00.000,Drywhitefruitycidergin,00:01:38
2023-03-29 01:20:00.000,Floralnomad,00:01:27
2023-03-29 07:00:00.000,JoyDivisionOvenGlovesx,00:00:50
2023-03-29 07:25:00.000,DadDadDad,00:01:03
2023-03-29 07:46:00.000,starfishmummy,00:00:15
2023-03-29 07:59:00.000,Stokey,00:02:18
2023-03-29 13:16:00.000,Readytostartagain,00:01:44
2023-03-29 16:44:00.000,hoochycrone,00:02:09
2023-03-29 18:20:00.000,IGoWalkingAfterMidnight,00:03:43
2023-03-29 18:22:00.000,MarmiteWine,00:00:56
2023-03-30 00:13:00.000,Drywhitefruitycidergin,00:00:48
2023-03-30 07:02:00.000,JoyDivisionOvenGlovesx,00:00:49
2023-03-30 07:15:00.000,DadDadDad,00:01:14
2023-03-30 09:58:00.000,UmbilicusProfundus,00:00:34
2023-03-30 13:04:00.000,Readytostartagain,00:00:44
2023-03-30 16:09:00.000,Floralnomad,00:00:57
2023-03-30 17:04:00.000,hoochycrone,00:04:47
2023-03-30 18:16:00.000,Stokey,00:01:26
2023-03-30 20:12:00.000,MarmiteWine,00:00:52
2023-03-31 00:23:00.000,Drywhitefruitycidergin,00:01:27
2023-03-31 06:32:00.000,JoyDivisionOvenGlovesx,00:01:14
2023-03-31 07:08:00.000,DadDadDad,00:01:26
2023-03-31 09:11:00.000,Stokey,00:00:46
2023-03-31 20:46:00.000,Readytostartagain,00:01:44
2023-03-31 21:17:00.000,MarmiteWine,00:00:35
2023-03-31 21:52:00.000,Floralnomad,00:00:55
2023-04-01 08:01:00.000,Drywhitefruitycidergin,00:02:50
2023-04-01 08:27:00.000,Stokey,00:01:11
2023-04-01 09:03:00.000,DadDadDad,00:01:14
2023-04-01 09:18:00.000,Readytostartagain,00:02:44
2023-04-01 11:51:00.000,IGoWalkingAfterMidnight,00:01:56
2023-04-01 12:14:00.000,JoyDivisionOvenGlovesx,00:01:23
2023-04-01 12:15:00.000,Floralnomad,00:00:47
2023-04-01 12:21:00.000,MarmiteWine,00:00:57
2023-04-02 01:41:00.000,Floralnomad,00:01:12
2023-04-02 07:28:00.000,JoyDivisionOvenGlovesx,00:00:59
2023-04-02 07:45:00.000,Drywhitefruitycidergin,00:01:16
2023-04-02 07:53:00.000,DadDadDad,00:01:47
2023-04-02 07:54:00.000,Stokey,00:01:46
2023-04-02 14:21:00.000,Readytostartagain,00:03:28
2023-04-02 19:09:00.000,IGoWalkingAfterMidnight,00:01:44
2023-04-03 00:19:00.000,Drywhitefruitycidergin,00:01:38
2023-04-03 01:03:00.000,Floralnomad,00:01:13
2023-04-03 06:40:00.000,sanityisamyth,00:01:00
2023-04-03 07:26:00.000,Albaniarocks,00:00:40
2023-04-03 07:28:00.000,DadDadDad,00:01:09
2023-04-03 07:52:00.000,JoyDivisionOvenGlovesx,00:00:57
2023-04-03 11:49:00.000,IGoWalkingAfterMidnight,00:02:05
2023-04-03 13:12:00.000,Madcats,00:01:48
2023-04-03 13:57:00.000,MarmiteWine,00:00:42
2023-04-03 16:40:00.000,Readytostartagain,00:00:42
2023-04-03 16:53:00.000,hoochycrone,00:03:01
2023-04-04 00:10:00.000,Drywhitefruitycidergin,00:01:50
2023-04-04 01:46:00.000,Floralnomad,00:01:31
2023-04-04 06:40:00.000,JoyDivisionOvenGlovesx,00:01:26
2023-04-04 07:25:00.000,DadDadDad,00:03:06
2023-04-04 08:21:00.000,Albaniarocks,00:00:55
2023-04-04 16:30:00.000,hoochycrone,00:16:53
2023-04-04 18:25:00.000,Readytostartagain,00:02:50
2023-04-04 19:03:00.000,MarmiteWine,00:01:23
2023-04-04 21:27:00.000,IGoWalkingAfterMidnight,00:02:53
2023-04-05 00:16:00.000,Drywhitefruitycidergin,00:01:20
2023-04-05 01:08:00.000,Floralnomad,00:01:34
2023-04-05 07:16:00.000,DadDadDad,00:01:18
2023-04-05 07:23:00.000,sanityisamyth,00:02:01
2023-04-05 08:01:00.000,Albaniarocks,00:00:31
2023-04-05 09:00:00.000,JoyDivisionOvenGlovesx,00:00:50
2023-04-05 13:03:00.000,Readytostartagain,00:01:29
2023-04-05 13:32:00.000,MarmiteWine,00:00:41
2023-04-05 15:12:00.000,IGoWalkingAfterMidnight,00:01:36
2023-04-05 16:53:00.000,hoochycrone,00:03:01
2023-04-06 03:18:00.000,Stokey,00:00:53
2023-04-06 07:04:00.000,UmbilicusProfundus,00:00:34
2023-04-06 07:31:00.000,DadDadDad,00:02:23
2023-04-06 07:54:00.000,Albaniarocks,00:00:32
2023-04-06 08:12:00.000,JoyDivisionOvenGlovesx,00:00:44
2023-04-06 08:15:00.000,Drywhitefruitycidergin,00:02:57
2023-04-06 08:44:00.000,Readytostartagain,00:01:22
2023-04-06 09:42:00.000,IGoWalkingAfterMidnight,00:01:36
2023-04-06 14:18:00.000,MarmiteWine,00:00:53
2023-04-06 17:52:00.000,hoochycrone,00:05:27
2023-04-06 19:41:00.000,Floralnomad,00:01:08
2023-04-07 00:19:00.000,Floralnomad,00:01:06
2023-04-07 00:38:00.000,Drywhitefruitycidergin,00:02:17
2023-04-07 03:18:00.000,Stokey,00:01:36
2023-04-07 05:52:00.000,JoyDivisionOvenGlovesx,00:01:07
2023-04-07 07:41:00.000,Albaniarocks,00:00:31
2023-04-07 08:44:00.000,DadDadDad,00:02:33
2023-04-07 09:03:00.000,Readytostartagain,00:00:58
2023-04-07 14:59:00.000,IGoWalkingAfterMidnight,00:01:45
2023-04-07 18:38:00.000,MarmiteWine,00:01:24
2023-04-07 20:51:00.000,UmbilicusProfundus,00:00:49
2023-04-08 00:26:00.000,Floralnomad,00:01:25
2023-04-08 03:51:00.000,Stokey,00:01:40
2023-04-08 07:22:00.000,JoyDivisionOvenGlovesx,00:00:58
2023-04-08 08:40:00.000,DadDadDad,00:01:27
2023-04-08 09:08:00.000,Drywhitefruitycidergin,00:01:22
2023-04-08 09:13:00.000,Albaniarocks,00:00:48
2023-04-08 09:25:00.000,Readytostartagain,00:01:16
2023-04-08 17:01:00.000,MarmiteWine,00:01:00
2023-04-08 21:41:00.000,IGoWalkingAfterMidnight,00:02:52
2023-04-09 00:05:00.000,DadDadDad,00:02:33
2023-04-09 01:11:00.000,Floralnomad,00:02:01
2023-04-09 06:17:00.000,sanityisamyth,00:00:58
2023-04-09 09:22:00.000,JoyDivisionOvenGlovesx,00:00:39
2023-04-09 09:26:00.000,Drywhitefruitycidergin,00:01:39
2023-04-09 09:51:00.000,UmbilicusProfundus,00:01:27
2023-04-09 18:10:00.000,Readytostartagain,00:01:22
2023-04-09 21:18:00.000,IGoWalkingAfterMidnight,00:02:48
2023-04-10 00:18:00.000,Drywhitefruitycidergin,00:01:49
2023-04-10 00:59:00.000,Floralnomad,00:01:14
2023-04-10 08:01:00.000,JoyDivisionOvenGlovesx,00:01:14
2023-04-10 08:42:00.000,Albaniarocks,00:00:28
2023-04-10 08:52:00.000,Readytostartagain,00:01:53
2023-04-10 09:04:00.000,DadDadDad,00:02:26
2023-04-10 10:24:00.000,IGoWalkingAfterMidnight,00:01:39
2023-04-10 16:38:00.000,hoochycrone,00:01:45
2023-04-10 18:48:00.000,MarmiteWine,00:00:44
2023-04-11 00:15:00.000,Drywhitefruitycidergin,00:02:04
2023-04-11 01:23:00.000,Floralnomad,00:00:51
2023-04-11 06:29:00.000,JoyDivisionOvenGlovesx,00:00:51
2023-04-11 07:20:00.000,DadDadDad,00:01:38
2023-04-11 08:23:00.000,UmbilicusProfundus,00:01:01
2023-04-11 09:01:00.000,IGoWalkingAfterMidnight,00:01:21
2023-04-11 13:02:00.000,Readytostartagain,00:01:09
2023-04-11 16:36:00.000,hoochycrone,00:02:18
2023-04-11 20:59:00.000,MarmiteWine,00:00:50
2023-04-12 00:26:00.000,Drywhitefruitycidergin,00:01:30
2023-04-12 01:28:00.000,Floralnomad,00:00:51
2023-04-12 05:44:00.000,JoyDivisionOvenGlovesx,00:00:49
2023-04-12 07:40:00.000,DadDadDad,00:01:18
2023-04-12 08:30:00.000,Albaniarocks,00:00:25
2023-04-12 15:55:00.000,hoochycrone,00:08:47
2023-04-12 17:20:00.000,Readytostartagain,00:00:49
2023-04-12 18:05:00.000,UmbilicusProfundus,00:00:51
2023-04-12 19:14:00.000,IGoWalkingAfterMidnight,00:01:36
2023-04-12 21:19:00.000,MarmiteWine,00:00:40
2023-04-13 00:21:00.000,Drywhitefruitycidergin,00:01:27
2023-04-13 00:42:00.000,Floralnomad,00:00:57
2023-04-13 06:02:00.000,JoyDivisionOvenGlovesx,00:00:53
2023-04-13 08:14:00.000,sanityisamyth,00:00:56
2023-04-13 08:15:00.000,Albaniarocks,00:00:55
2023-04-13 08:24:00.000,DadDadDad,00:01:44
2023-04-13 17:23:00.000,Readytostartagain,00:01:37
2023-04-13 17:25:00.000,hoochycrone,00:02:02
2023-04-13 19:16:00.000,MarmiteWine,00:00:57
2023-04-14 07:04:00.000,JoyDivisionOvenGlovesx,00:01:33
2023-04-14 07:47:00.000,DadDadDad,00:01:42
2023-04-14 08:39:00.000,IGoWalkingAfterMidnight,00:01:37
2023-04-14 13:26:00.000,Drywhitefruitycidergin,00:03:45
2023-04-14 14:35:00.000,Readytostartagain,00:00:51
2023-04-14 15:41:00.000,Floralnomad,00:01:05
2023-04-14 16:18:00.000,hoochycrone,00:03:06
2023-04-14 18:56:00.000,UmbilicusProfundus,00:02:44
2023-04-14 22:35:00.000,MarmiteWine,00:02:14
2023-04-15 01:11:00.000,Floralnomad,00:01:11
2023-04-15 06:55:00.000,JoyDivisionOvenGlovesx,00:00:43
2023-04-15 08:10:00.000,sanityisamyth,00:00:57
2023-04-15 08:34:00.000,DadDadDad,00:01:08
2023-04-15 09:17:00.000,Readytostartagain,00:01:03
2023-04-15 11:58:00.000,IGoWalkingAfterMidnight,00:02:20
2023-04-15 16:11:00.000,hoochycrone,00:08:21
2023-04-15 18:12:00.000,MarmiteWine,00:00:45
2023-04-15 23:37:00.000,UmbilicusProfundus,00:01:01
2023-04-15 23:48:00.000,ifIwerenotanandroid,00:02:17
2023-04-16 06:06:00.000,JoyDivisionOvenGlovesx,00:01:28
2023-04-16 07:05:00.000,sanityisamyth,00:02:37
2023-04-16 08:20:00.000,DadDadDad,00:05:42
2023-04-16 08:45:00.000,Drywhitefruitycidergin,00:05:50
2023-04-16 10:43:00.000,Floralnomad,00:02:32
2023-04-16 16:18:00.000,hoochycrone,00:03:41
2023-04-16 18:05:00.000,IGoWalkingAfterMidnight,00:06:06
2023-04-16 18:43:00.000,UmbilicusProfundus,00:00:53
2023-04-16 19:26:00.000,MarmiteWine,00:02:15
2023-04-17 00:36:00.000,Drywhitefruitycidergin,00:01:51
2023-04-17 01:30:00.000,Floralnomad,00:00:54
2023-04-17 07:08:00.000,DadDadDad,00:01:27
2023-04-17 07:21:00.000,Albaniarocks,00:00:52
2023-04-17 07:41:00.000,JoyDivisionOvenGlovesx,00:01:12
2023-04-17 13:53:00.000,Readytostartagain,00:00:59
2023-04-17 18:52:00.000,UmbilicusSuperficialis,00:00:48
2023-04-17 19:27:00.000,MarmiteWine,00:01:18
2023-04-17 21:35:00.000,IGoWalkingAfterMidnight,00:01:05
2023-04-18 00:28:00.000,Drywhitefruitycidergin,00:02:32
2023-04-18 07:02:00.000,DadDadDad,00:01:10
2023-04-18 07:40:00.000,JoyDivisionOvenGlovesx,00:00:50
2023-04-18 09:02:00.000,Albaniarocks,00:00:57
2023-04-18 14:45:00.000,Floralnomad,00:01:18
2023-04-18 16:18:00.000,hoochycrone,00:03:18
