timestamp,time,user,filename
11/11/2022 16:20,00:00:17,Oli,00006009-PHOTO-2022-11-11-16-20-30.jpg
13/01/2023 13:22,00:00:25,Oli,00008263-PHOTO-2023-01-13-13-22-13.jpg
31/10/2022 00:10,00:00:29,George,00005261-PHOTO-2022-10-31-00-10-15.jpg
25/12/2022 00:37,00:00:31,Oli,00007556-PHOTO-2022-12-25-00-37-04.jpg
25/12/2022 00:35,00:00:34,George,00007553-PHOTO-2022-12-25-00-35-54.jpg
17/01/2023 09:38,00:00:34,Joe,00008418-PHOTO-2023-01-17-09-38-32.jpg
28/09/2022 23:15,00:00:35,Oli,00003983-PHOTO-2022-09-28-23-15-20.jpg
25/12/2022 23:58,00:00:36,Joe,00007577-PHOTO-2022-12-25-23-58-13.jpg
08/09/2022 19:32,00:00:37,Oli,00003154-PHOTO-2022-09-08-19-32-08.jpg
10/10/2022 18:56,00:00:38,George,00004462-PHOTO-2022-10-10-18-56-24.jpg
10/11/2022 20:36,00:00:38,George,00005926-PHOTO-2022-11-10-20-36-51.jpg
10/11/2022 21:48,00:00:38,Joe,00005953-PHOTO-2022-11-10-21-48-25.jpg
08/01/2023 17:05,00:00:38,Joe,00007974-PHOTO-2023-01-08-17-05-58.jpg
28/07/2022 10:15,00:00:39,Oli,00001504-PHOTO-2022-07-28-10-15-26.jpg
10/11/2022 13:06,00:00:39,Oli,00005917-PHOTO-2022-11-10-13-06-33.jpg
19/12/2022 12:14,00:00:39,George,00007280-PHOTO-2022-12-19-12-14-03.jpg
13/01/2023 10:25,00:00:39,George,00008246-PHOTO-2023-01-13-10-25-22.jpg
25/09/2022 00:32,00:00:40,Oli,00003754-PHOTO-2022-09-25-00-32-21.jpg
06/10/2022 19:06,00:00:40,Oli,00004266-PHOTO-2022-10-06-19-06-29.jpg
04/01/2023 14:45,00:00:40,Joe,00007861-PHOTO-2023-01-04-14-45-47.jpg
10/01/2023 09:35,00:00:40,Joe,00008036-PHOTO-2023-01-10-09-35-54.jpg
25/07/2022 14:28,00:00:41,George,00001394-PHOTO-2022-07-25-14-28-53.jpg
21/12/2022 11:30,00:00:41,George,00007332-PHOTO-2022-12-21-11-30-30.jpg
27/12/2022 14:54,00:00:41,Joe,00007613-PHOTO-2022-12-27-14-54-17.jpg
10/01/2023 09:19,00:00:41,George,00008033-PHOTO-2023-01-10-09-19-42.jpg
28/09/2022 10:17,00:00:42,Joe,00003971-PHOTO-2022-09-28-10-17-38.jpg
15/10/2022 18:17,00:00:42,Joe,00004707-PHOTO-2022-10-15-18-17-48.jpg
26/09/2022 23:09,00:00:43,Oli,00003834-PHOTO-2022-09-26-23-09-20.jpg
08/01/2023 04:01,00:00:43,Tom,00007954-PHOTO-2023-01-08-04-01-19.jpg
09/01/2023 14:47,00:00:43,Oli,00008006-PHOTO-2023-01-09-14-47-26.jpg
13/01/2023 00:01,00:00:43,Tom,00008242-PHOTO-2023-01-13-00-01-53.jpg
15/10/2022 22:20,00:00:44,George,00004718-PHOTO-2022-10-15-22-20-37.jpg
02/01/2023 15:12,00:00:44,Oli,00007785-PHOTO-2023-01-02-15-12-17.jpg
04/07/2022 10:58,00:00:45,Joe,00000665-PHOTO-2022-07-04-10-58-11.jpg
18/01/2023 12:34,00:00:45,George,00008538-PHOTO-2023-01-18-12-34-48.jpg
28/09/2022 10:26,00:00:46,George,00003976-PHOTO-2022-09-28-10-26-49.jpg
26/12/2022 00:10,00:00:46,Joe,00007599-PHOTO-2022-12-26-00-10-14.jpg
01/07/2022 10:42,00:00:47,Joe,00000614-PHOTO-2022-07-01-10-42-57.jpg
28/12/2022 20:31,00:00:47,Oli,00007636-PHOTO-2022-12-28-20-31-49.jpg
19/10/2022 23:42,00:00:48,Oli,00004883-PHOTO-2022-10-19-23-42-51.jpg
01/12/2022 13:21,00:00:48,Joe,00006690-PHOTO-2022-12-01-13-21-43.jpg
14/01/2023 12:34,00:00:48,George,00008338-PHOTO-2023-01-14-12-34-13.jpg
08/09/2022 10:51,00:00:49,Joe,00003100-PHOTO-2022-09-08-10-51-29.jpg
11/11/2022 10:34,00:00:49,George,00005987-PHOTO-2022-11-11-10-34-53.jpg
24/11/2022 13:17,00:00:49,George,00006526-PHOTO-2022-11-24-13-17-50.jpg
07/12/2022 09:09,00:00:49,Joe,00006856-PHOTO-2022-12-07-09-09-04.jpg
06/01/2023 17:37,00:00:49,George,00007925-PHOTO-2023-01-06-17-37-59.jpg
04/08/2022 10:25,00:00:50,Joe,00001831-PHOTO-2022-08-04-10-25-45.jpg
18/10/2022 13:17,00:00:50,George,00004782-PHOTO-2022-10-18-13-17-31.jpg
11/01/2023 13:16,00:00:51,Oli,00008099-PHOTO-2023-01-11-13-16-24.jpg
11/07/2022 10:25,00:00:52,Joe,00000852-PHOTO-2022-07-11-10-25-52.jpg
30/12/2022 15:38,00:00:52,Oli,00007648-PHOTO-2022-12-30-15-38-09.jpg
11/10/2022 13:53,00:00:53,Oli,00004476-PHOTO-2022-10-11-13-53-04.jpg
18/10/2022 19:43,00:00:54,Oli,00004834-PHOTO-2022-10-18-19-43-08.jpg
21/10/2022 21:15,00:00:54,George,00005036-PHOTO-2022-10-21-21-15-08.jpg
17/12/2022 16:19,00:00:54,Joe,00007221-PHOTO-2022-12-17-16-19-30.jpg
28/07/2022 10:13,00:00:55,George,00001501-PHOTO-2022-07-28-10-13-41.jpg
23/08/2022 12:53,00:00:55,George,00002442-PHOTO-2022-08-23-12-53-15.jpg
11/09/2022 15:47,00:00:55,Oli,00003241-PHOTO-2022-09-11-15-47-24.jpg
21/09/2022 18:58,00:00:55,Oli,00003653-PHOTO-2022-09-21-18-58-16.jpg
17/01/2023 10:45,00:00:55,George,00008465-PHOTO-2023-01-17-10-45-00.jpg
18/01/2023 12:00,00:00:55,Oli,00008523-PHOTO-2023-01-18-12-00-12.jpg
04/07/2022 12:32,00:00:56,George,00000668-PHOTO-2022-07-04-12-32-23.jpg
28/07/2022 01:16,00:00:56,Joe,00001496-PHOTO-2022-07-28-01-16-29.jpg
23/08/2022 10:36,00:00:56,Joe,00002432-PHOTO-2022-08-23-10-36-40.jpg
03/10/2022 11:57,00:00:56,George,00004139-PHOTO-2022-10-03-11-57-00.jpg
15/12/2022 12:07,00:00:56,George,00007145-PHOTO-2022-12-15-12-07-42.jpg
23/12/2022 11:17,00:00:56,George,00007480-PHOTO-2022-12-23-11-17-54.jpg
02/01/2023 13:56,00:00:56,George,00007781-PHOTO-2023-01-02-13-56-36.jpg
12/07/2022 17:15,00:00:57,George,00000891-PHOTO-2022-07-12-17-15-28.jpg
19/09/2022 10:11,00:00:57,George,00003627-PHOTO-2022-09-19-10-11-11.jpg
21/10/2022 13:39,00:00:57,Joe,00005030-PHOTO-2022-10-21-13-39-07.jpg
02/11/2022 13:51,00:00:57,Oli,00005432-PHOTO-2022-11-02-13-51-04.jpg
29/11/2022 17:55,00:00:57,Tom,00006662-PHOTO-2022-11-29-17-55-16.jpg
13/12/2022 13:11,00:00:57,Oli,00007079-PHOTO-2022-12-13-13-11-20.jpg
13/12/2022 14:35,00:00:58,George,00007082-PHOTO-2022-12-13-14-35-24.jpg
05/08/2022 09:37,00:00:59,George,00001855-PHOTO-2022-08-05-09-37-29.jpg
28/10/2022 11:42,00:00:59,Joe,00005201-PHOTO-2022-10-28-11-42-04.jpg
11/11/2022 10:30,00:00:59,Joe,00005980-PHOTO-2022-11-11-10-30-27.jpg
19/12/2022 10:31,00:00:59,Joe,00007271-PHOTO-2022-12-19-10-31-07.jpg
21/12/2022 11:22,00:00:59,Joe,00007329-PHOTO-2022-12-21-11-22-24.jpg
22/06/2022 10:42,00:01:00,Harvey,00000385-PHOTO-2022-06-22-10-42-30.jpg
28/06/2022 11:52,00:01:00,George,00000519-PHOTO-2022-06-28-11-52-15.jpg
08/10/2022 14:45,00:01:00,Tom,00004418-PHOTO-2022-10-08-14-45-25.jpg
07/11/2022 17:33,00:01:00,Oli,00005680-PHOTO-2022-11-07-17-33-33.jpg
16/12/2022 11:25,00:01:00,Oli,00007192-PHOTO-2022-12-16-11-25-43.jpg
11/07/2022 09:46,00:01:01,George,00000845-PHOTO-2022-07-11-09-46-43.jpg
31/08/2022 12:31,00:01:01,Oli,00002644-PHOTO-2022-08-31-12-31-27.jpg
26/10/2022 21:59,00:01:01,Oli,00005167-PHOTO-2022-10-26-21-59-27.jpg
17/01/2023 13:59,00:01:01,Oli,00008487-PHOTO-2023-01-17-13-59-24.jpg
31/08/2022 08:34,00:01:02,Joe,00002643-PHOTO-2022-08-31-08-34-03.jpg
20/09/2022 09:48,00:01:02,Joe,00003643-PHOTO-2022-09-20-09-48-36.jpg
12/11/2022 17:43,00:01:02,Joe,00006124-PHOTO-2022-11-12-17-43-49.jpg
17/12/2022 17:54,00:01:02,Oli,00007229-PHOTO-2022-12-17-17-54-31.jpg
08/01/2023 13:24,00:01:02,Harvey,00007963-PHOTO-2023-01-08-13-24-54.jpg
08/01/2023 14:34,00:01:02,George,00007967-PHOTO-2023-01-08-14-34-38.jpg
18/01/2023 09:19,00:01:02,Joe,00008506-PHOTO-2023-01-18-09-19-52.jpg
16/07/2022 11:01,00:01:03,Tom,00001075-PHOTO-2022-07-16-11-01-53.jpg
18/10/2022 13:37,00:01:03,Tom,00004807-PHOTO-2022-10-18-13-37-08.jpg
09/01/2023 09:26,00:01:03,Tom,00007986-PHOTO-2023-01-09-09-26-11.jpg
17/01/2023 10:11,00:01:03,Tom,00008425-PHOTO-2023-01-17-10-11-18.jpg
24/12/2022 20:54,00:01:04,Oli,00007522-PHOTO-2022-12-24-20-54-20.jpg
28/07/2022 01:17,00:01:05,Harvey,00001499-PHOTO-2022-07-28-01-17-42.jpg
23/08/2022 12:50,00:01:05,Oli,00002438-PHOTO-2022-08-23-12-50-14.jpg
21/12/2022 13:37,00:01:05,Tom,00007347-PHOTO-2022-12-21-13-37-22.jpg
04/10/2022 17:18,00:01:06,Harvey,00004208-PHOTO-2022-10-04-17-18-50.jpg
05/10/2022 12:39,00:01:06,George,00004236-PHOTO-2022-10-05-12-39-23.jpg
20/12/2022 11:18,00:01:06,Oli,00007319-PHOTO-2022-12-20-11-18-53.jpg
01/07/2022 10:31,00:01:07,George,00000609-PHOTO-2022-07-01-10-31-17.jpg
18/09/2022 14:14,00:01:07,Joe,00003583-PHOTO-2022-09-18-14-14-53.jpg
10/01/2023 13:42,00:01:07,Oli,00008055-PHOTO-2023-01-10-13-42-34.jpg
05/09/2022 11:23,00:01:08,Oli,00002911-PHOTO-2022-09-05-11-23-28.jpg
21/09/2022 19:17,00:01:09,George,00003657-PHOTO-2022-09-21-19-17-05.jpg
11/11/2022 13:56,00:01:09,Tom,00005999-PHOTO-2022-11-11-13-56-52.jpg
25/11/2022 13:12,00:01:09,Oli,00006590-PHOTO-2022-11-25-13-12-25.jpg
26/12/2022 00:05,00:01:09,Tom,00007597-PHOTO-2022-12-26-00-05-09.jpg
29/06/2022 16:33,00:01:10,Tom,00000545-PHOTO-2022-06-29-16-33-09.jpg
16/07/2022 10:42,00:01:11,Oli,00001069-PHOTO-2022-07-16-10-42-47.jpg
07/09/2022 11:56,00:01:11,Joe,00003055-PHOTO-2022-09-07-11-56-27.jpg
27/11/2022 12:10,00:01:11,George,00006606-PHOTO-2022-11-27-12-10-14.jpg
18/12/2022 06:43,00:01:11,Oli,00007256-PHOTO-2022-12-18-06-43-49.jpg
28/12/2022 09:46,00:01:11,George,00007630-PHOTO-2022-12-28-09-46-43.jpg
26/09/2022 15:34,00:01:12,George,00003769-PHOTO-2022-09-26-15-34-14.jpg
10/11/2022 11:30,00:01:12,Tom,00005898-PHOTO-2022-11-10-11-30-09.jpg
24/11/2022 17:17,00:01:12,Oli,00006559-PHOTO-2022-11-24-17-17-32.jpg
06/12/2022 14:23,00:01:12,George,00006826-PHOTO-2022-12-06-14-23-56.jpg
10/12/2022 22:47,00:01:12,Oli,00007030-PHOTO-2022-12-10-22-47-00.jpg
04/07/2022 01:21,00:01:13,Tom,00000662-PHOTO-2022-07-04-01-21-59.jpg
29/07/2022 10:00,00:01:13,Joe,00001530-PHOTO-2022-07-29-10-00-10.jpg
28/12/2022 09:55,00:01:13,Tom,00007633-PHOTO-2022-12-28-09-55-53.jpg
09/01/2023 09:57,00:01:13,Joe,00007989-PHOTO-2023-01-09-09-57-40.jpg
11/09/2022 10:59,00:01:14,Joe,00003230-PHOTO-2022-09-11-10-59-11.jpg
08/01/2023 22:51,00:01:14,Oli,00007981-PHOTO-2023-01-08-22-51-08.jpg
11/01/2023 09:44,00:01:14,Joe,00008075-PHOTO-2023-01-11-09-44-00.jpg
25/08/2022 09:36,00:01:15,Joe,00002475-PHOTO-2022-08-25-09-36-42.jpg
03/10/2022 17:20,00:01:15,Oli,00004149-PHOTO-2022-10-03-17-20-36.jpg
11/07/2022 11:32,00:01:16,Tom,00000857-PHOTO-2022-07-11-11-32-56.jpg
04/09/2022 13:40,00:01:16,Oli,00002893-PHOTO-2022-09-04-13-40-49.jpg
18/09/2022 21:59,00:01:16,Oli,00003592-PHOTO-2022-09-18-21-59-54.jpg
28/10/2022 11:46,00:01:16,Tom,00005206-PHOTO-2022-10-28-11-46-11.jpg
06/11/2022 10:36,00:01:16,Joe,00005632-PHOTO-2022-11-06-10-36-37.jpg
18/11/2022 17:25,00:01:16,Oli,00006412-PHOTO-2022-11-18-17-25-04.jpg
13/09/2022 16:39,00:01:17,Oli,00003322-PHOTO-2022-09-13-16-39-30.jpg
12/10/2022 12:04,00:01:17,Joe,00004534-PHOTO-2022-10-12-12-04-44.jpg
23/10/2022 18:52,00:01:17,Oli,00005058-PHOTO-2022-10-23-18-52-28.jpg
29/11/2022 17:51,00:01:17,George,00006647-PHOTO-2022-11-29-17-51-15.jpg
27/12/2022 15:39,00:01:17,George,00007622-PHOTO-2022-12-27-15-39-06.jpg
06/09/2022 23:01,00:01:18,George,00003003-PHOTO-2022-09-06-23-01-56.jpg
22/09/2022 11:37,00:01:18,George,00003689-PHOTO-2022-09-22-11-37-14.jpg
17/10/2022 18:59,00:01:18,Oli,00004754-PHOTO-2022-10-17-18-59-54.jpg
25/11/2022 01:45,00:01:18,Harvey,00006579-PHOTO-2022-11-25-01-45-37.jpg
30/11/2022 17:41,00:01:18,Oli,00006678-PHOTO-2022-11-30-17-41-13.jpg
14/09/2022 23:05,00:01:19,Harvey,00003447-PHOTO-2022-09-14-23-05-39.jpg
23/11/2022 14:41,00:01:19,George,00006520-PHOTO-2022-11-23-14-41-38.jpg
19/01/2023 13:27,00:01:19,Oli,00008558-PHOTO-2023-01-19-13-27-43.jpg
09/09/2022 11:36,00:01:20,Joe,00003163-PHOTO-2022-09-09-11-36-41.jpg
03/10/2022 10:22,00:01:20,Joe,00004127-PHOTO-2022-10-03-10-22-54.jpg
03/01/2023 10:53,00:01:20,Joe,00007800-PHOTO-2023-01-03-10-53-01.jpg
19/01/2023 12:17,00:01:20,George,00008556-PHOTO-2023-01-19-12-17-07.jpg
12/07/2022 10:38,00:01:21,Joe,00000887-PHOTO-2022-07-12-10-38-50.jpg
29/07/2022 12:32,00:01:22,George,00001535-PHOTO-2022-07-29-12-32-52.jpg
23/08/2022 12:55,00:01:22,Tom,00002443-PHOTO-2022-08-23-12-55-18.jpg
26/08/2022 10:57,00:01:22,Oli,00002507-PHOTO-2022-08-26-10-57-20.jpg
29/11/2022 17:38,00:01:22,Oli,00006641-PHOTO-2022-11-29-17-38-19.jpg
10/12/2022 22:49,00:01:22,Oli,00007032-PHOTO-2022-12-10-22-49-14.jpg
01/01/2023 19:54,00:01:22,Harvey,00007772-PHOTO-2023-01-01-19-54-12.jpg
11/01/2023 18:27,00:01:22,George,00008105-PHOTO-2023-01-11-18-27-50.jpg
17/10/2022 13:55,00:01:23,George,00004737-PHOTO-2022-10-17-13-55-38.jpg
19/10/2022 11:38,00:01:23,George,00004852-PHOTO-2022-10-19-11-38-30.jpg
09/01/2023 09:55,00:01:23,Harvey,00007988-PHOTO-2023-01-09-09-55-31.jpg
27/08/2022 21:56,00:01:24,Oli,00002555-PHOTO-2022-08-27-21-56-59.jpg
10/09/2022 23:14,00:01:24,George,00003206-PHOTO-2022-09-10-23-14-08.jpg
23/12/2022 10:40,00:01:24,Joe,00007462-PHOTO-2022-12-23-10-40-24.jpg
23/12/2022 11:26,00:01:24,Oli,00007483-PHOTO-2022-12-23-11-26-15.jpg
07/01/2023 20:46,00:01:24,George,00007948-PHOTO-2023-01-07-20-46-53.jpg
04/08/2022 10:40,00:01:25,Oli,00001836-PHOTO-2022-08-04-10-40-24.jpg
05/10/2022 10:59,00:01:25,Joe,00004225-PHOTO-2022-10-05-10-59-57.jpg
01/11/2022 17:29,00:01:25,Joe,00005380-PHOTO-2022-11-01-17-29-45.jpg
18/07/2022 09:19,00:01:26,Joe,00001120-PHOTO-2022-07-18-09-19-09.jpg
26/07/2022 16:55,00:01:26,Joe,00001464-PHOTO-2022-07-26-16-55-24.jpg
18/11/2022 10:53,00:01:26,George,00006387-PHOTO-2022-11-18-10-53-48.jpg
10/01/2023 19:04,00:01:26,Harvey,00008056-PHOTO-2023-01-10-19-04-48.jpg
03/07/2022 10:22,00:01:27,Joe,00000656-PHOTO-2022-07-03-10-22-19.jpg
30/07/2022 11:32,00:01:27,Joe,00001595-PHOTO-2022-07-30-11-32-54.jpg
28/08/2022 13:10,00:01:27,Joe,00002600-PHOTO-2022-08-28-13-10-33.jpg
24/09/2022 23:53,00:01:27,Oli,00003748-PHOTO-2022-09-24-23-53-37.jpg
12/10/2022 17:11,00:01:27,Oli,00004545-PHOTO-2022-10-12-17-11-25.jpg
10/12/2022 22:46,00:01:27,Joe,00007029-PHOTO-2022-12-10-22-46-53.jpg
02/01/2023 22:56,00:01:27,Joe,00007793-PHOTO-2023-01-02-22-56-32.jpg
03/08/2022 09:54,00:01:28,George,00001802-PHOTO-2022-08-03-09-54-17.jpg
18/09/2022 06:42,00:01:28,Tom,00003574-PHOTO-2022-09-18-06-42-16.jpg
01/11/2022 14:23,00:01:28,Oli,00005316-PHOTO-2022-11-01-14-23-54.jpg
23/11/2022 00:53,00:01:28,Tom,00006511-PHOTO-2022-11-23-00-53-55.jpg
06/01/2023 10:30,00:01:28,Joe,00007908-PHOTO-2023-01-06-10-30-33.jpg
16/01/2023 09:05,00:01:28,Joe,00008385-PHOTO-2023-01-16-09-05-38.jpg
06/09/2022 16:54,00:01:29,Oli,00002987-PHOTO-2022-09-06-16-54-28.jpg
19/10/2022 09:50,00:01:29,Joe,00004837-PHOTO-2022-10-19-09-50-13.jpg
08/11/2022 00:22,00:01:29,Harvey,00005710-PHOTO-2022-11-08-00-22-24.jpg
17/12/2022 15:12,00:01:29,George,00007217-PHOTO-2022-12-17-15-12-08.jpg
02/01/2023 14:39,00:01:29,Tom,00007783-PHOTO-2023-01-02-14-39-26.jpg
12/09/2022 09:49,00:01:30,Joe,00003256-PHOTO-2022-09-12-09-49-54.jpg
31/10/2022 15:13,00:01:30,George,00005270-PHOTO-2022-10-31-15-13-19.jpg
23/11/2022 16:03,00:01:30,Oli,00006524-PHOTO-2022-11-23-16-03-55.jpg
16/07/2022 10:00,00:01:31,Joe,00001065-PHOTO-2022-07-16-10-00-20.jpg
08/08/2022 12:04,00:01:31,Joe,00001955-PHOTO-2022-08-08-12-04-08.jpg
08/11/2022 10:52,00:01:31,Joe,00005711-PHOTO-2022-11-08-10-52-27.jpg
13/09/2022 05:20,00:01:32,Tom,00003270-PHOTO-2022-09-13-05-20-04.jpg
28/09/2022 11:04,00:01:32,Harvey,00003979-PHOTO-2022-09-28-11-04-20.jpg
25/12/2022 00:37,00:01:32,Tom,00007561-PHOTO-2022-12-25-00-37-55.jpg
10/01/2023 12:46,00:01:32,Tom,00008040-PHOTO-2023-01-10-12-46-18.jpg
04/07/2022 00:43,00:01:33,Harvey,00000661-PHOTO-2022-07-04-00-43-04.jpg
08/07/2022 09:48,00:01:33,Joe,00000781-PHOTO-2022-07-08-09-48-52.jpg
05/09/2022 12:04,00:01:33,George,00002913-PHOTO-2022-09-05-12-04-47.jpg
29/07/2022 10:21,00:01:34,Oli,00001531-PHOTO-2022-07-29-10-21-03.jpg
04/08/2022 09:19,00:01:34,George,00001826-PHOTO-2022-08-04-09-19-08.jpg
05/09/2022 11:07,00:01:34,Tom,00002906-PHOTO-2022-09-05-11-07-18.jpg
12/11/2022 21:20,00:01:34,Oli,00006134-PHOTO-2022-11-12-21-20-26.jpg
13/09/2022 11:05,00:01:35,George,00003282-PHOTO-2022-09-13-11-05-21.jpg
15/10/2022 12:06,00:01:35,Oli,00004701-PHOTO-2022-10-15-12-06-54.jpg
23/10/2022 20:13,00:01:35,George,00005065-PHOTO-2022-10-23-20-13-40.jpg
21/11/2022 11:23,00:01:35,Oli,00006463-PHOTO-2022-11-21-11-23-15.jpg
12/12/2022 12:19,00:01:35,Oli,00007058-PHOTO-2022-12-12-12-19-34.jpg
01/01/2023 19:21,00:01:35,Tom,00007756-PHOTO-2023-01-01-19-21-11.jpg
31/12/2022 14:26,00:01:36,Oli,00007700-PHOTO-2022-12-31-14-26-11.jpg
18/01/2023 11:17,00:01:36,Tom,00008520-PHOTO-2023-01-18-11-17-59.jpg
26/07/2022 09:37,00:01:37,George,00001402-PHOTO-2022-07-26-09-37-14.jpg
22/08/2022 21:10,00:01:37,George,00002431-PHOTO-2022-08-22-21-10-37.jpg
28/11/2022 12:12,00:01:37,George,00006607-PHOTO-2022-11-28-12-12-30.jpg
11/12/2022 12:04,00:01:37,Oli,00007038-PHOTO-2022-12-11-12-04-59.jpg
27/12/2022 14:52,00:01:37,Oli,00007609-PHOTO-2022-12-27-14-52-47.jpg
22/09/2022 09:26,00:01:38,Oli,00003676-PHOTO-2022-09-22-09-26-06.jpg
06/12/2022 14:30,00:01:38,Oli,00006828-PHOTO-2022-12-06-14-30-33.jpg
20/01/2023 10:48,00:01:39,Joe,00008663-PHOTO-2023-01-20-10-48-19.jpg
16/07/2022 10:08,00:01:40,George,00001067-PHOTO-2022-07-16-10-08-09.jpg
19/09/2022 11:13,00:01:41,Tom,00003641-PHOTO-2022-09-19-11-13-59.jpg
15/10/2022 11:05,00:01:41,Tom,00004698-PHOTO-2022-10-15-11-05-27.jpg
01/11/2022 11:44,00:01:41,George,00005306-PHOTO-2022-11-01-11-44-25.jpg
30/12/2022 16:23,00:01:41,George,00007657-PHOTO-2022-12-30-16-23-50.jpg
08/08/2022 11:40,00:01:42,Oli,00001943-PHOTO-2022-08-08-11-40-14.jpg
14/12/2022 13:28,00:01:42,George,00007086-PHOTO-2022-12-14-13-28-18.jpg
19/01/2023 13:32,00:01:42,Joe,00008560-PHOTO-2023-01-19-13-32-16.jpg
25/06/2022 15:07,00:01:44,George,00000481-PHOTO-2022-06-25-15-07-19.jpg
26/07/2022 09:53,00:01:44,Oli,00001405-PHOTO-2022-07-26-09-53-49.jpg
11/08/2022 17:56,00:01:44,Oli,00002123-PHOTO-2022-08-11-17-56-20.jpg
11/09/2022 14:48,00:01:44,George,00003237-PHOTO-2022-09-11-14-48-00.jpg
12/09/2022 23:25,00:01:44,Oli,00003265-PHOTO-2022-09-12-23-25-56.jpg
01/12/2022 14:10,00:01:44,Oli,00006694-PHOTO-2022-12-01-14-10-02.jpg
16/01/2023 15:07,00:01:44,Oli,00008391-PHOTO-2023-01-16-15-07-55.jpg
12/12/2022 12:45,00:01:45,George,00007072-PHOTO-2022-12-12-12-45-30.jpg
03/01/2023 13:21,00:01:45,Oli,00007832-PHOTO-2023-01-03-13-21-45.jpg
10/10/2022 12:23,00:01:46,Joe,00004448-PHOTO-2022-10-10-12-23-09.jpg
17/10/2022 13:49,00:01:46,Joe,00004735-PHOTO-2022-10-17-13-49-20.jpg
01/01/2023 19:24,00:01:46,Oli,00007757-PHOTO-2023-01-01-19-24-49.jpg
14/08/2022 13:19,00:01:47,George,00002185-PHOTO-2022-08-14-13-19-29.jpg
27/08/2022 22:35,00:01:47,Tom,00002576-PHOTO-2022-08-27-22-35-54.jpg
21/09/2022 10:20,00:01:47,Joe,00003647-PHOTO-2022-09-21-10-20-07.jpg
06/10/2022 17:55,00:01:47,George,00004263-PHOTO-2022-10-06-17-55-06.jpg
21/07/2022 11:22,00:01:48,Oli,00001251-PHOTO-2022-07-21-11-22-27.jpg
03/08/2022 10:08,00:01:48,Oli,00001808-PHOTO-2022-08-03-10-08-33.jpg
24/11/2022 13:20,00:01:48,Harvey,00006530-PHOTO-2022-11-24-13-20-31.jpg
28/11/2022 13:59,00:01:48,Joe,00006617-PHOTO-2022-11-28-13-59-57.jpg
04/12/2022 15:15,00:01:48,Oli,00006744-PHOTO-2022-12-04-15-15-13.jpg
05/12/2022 11:02,00:01:48,George,00006771-PHOTO-2022-12-05-11-02-23.jpg
15/12/2022 11:41,00:01:48,Oli,00007131-PHOTO-2022-12-15-11-41-30.jpg
11/07/2022 09:34,00:01:49,Oli,00000842-PHOTO-2022-07-11-09-34-56.jpg
29/09/2022 07:44,00:01:49,Tom,00003989-PHOTO-2022-09-29-07-44-01.jpg
13/11/2022 23:31,00:01:49,Oli,00006157-PHOTO-2022-11-13-23-31-01.jpg
17/11/2022 13:01,00:01:49,George,00006307-PHOTO-2022-11-17-13-01-06.jpg
07/12/2022 01:00,00:01:49,Harvey,00006847-PHOTO-2022-12-07-01-00-17.jpg
07/09/2022 11:41,00:01:50,Oli,00003053-PHOTO-2022-09-07-11-41-16.jpg
06/10/2022 11:15,00:01:50,Joe,00004260-PHOTO-2022-10-06-11-15-18.jpg
10/10/2022 15:11,00:01:50,Oli,00004455-PHOTO-2022-10-10-15-11-36.jpg
24/11/2022 18:01,00:01:50,Joe,00006562-PHOTO-2022-11-24-18-01-17.jpg
04/12/2022 13:55,00:01:50,George,00006722-PHOTO-2022-12-04-13-55-02.jpg
08/10/2022 17:32,00:01:51,Joe,00004426-PHOTO-2022-10-08-17-32-48.jpg
22/11/2022 23:46,00:01:51,Harvey,00006505-PHOTO-2022-11-22-23-46-29.jpg
01/01/2023 19:27,00:01:51,George,00007760-PHOTO-2023-01-01-19-27-41.jpg
04/01/2023 10:23,00:01:51,George,00007843-PHOTO-2023-01-04-10-23-23.jpg
08/07/2022 13:16,00:01:52,George,00000801-PHOTO-2022-07-08-13-16-25.jpg
05/01/2023 17:41,00:01:52,Oli,00007880-PHOTO-2023-01-05-17-41-28.jpg
25/08/2022 10:59,00:01:53,Oli,00002476-PHOTO-2022-08-25-10-59-24.jpg
26/10/2022 10:03,00:01:53,Joe,00005147-PHOTO-2022-10-26-10-03-13.jpg
04/11/2022 10:43,00:01:53,George,00005524-PHOTO-2022-11-04-10-43-28.jpg
06/01/2023 10:31,00:01:53,Oli,00007912-PHOTO-2023-01-06-10-31-21.jpg
09/01/2023 12:34,00:01:53,George,00007997-PHOTO-2023-01-09-12-34-49.jpg
02/11/2022 16:47,00:01:54,George,00005455-PHOTO-2022-11-02-16-47-54.jpg
18/11/2022 11:24,00:01:54,Joe,00006410-PHOTO-2022-11-18-11-24-28.jpg
14/12/2022 18:04,00:01:55,Joe,00007114-PHOTO-2022-12-14-18-04-55.jpg
24/12/2022 23:36,00:01:55,George,00007538-PHOTO-2022-12-24-23-36-15.jpg
18/06/2022 12:22,00:01:56,Joe,00000289-PHOTO-2022-06-18-12-22-33.jpg
31/08/2022 03:15,00:01:56,Tom,00002637-PHOTO-2022-08-31-03-15-26.jpg
11/10/2022 15:55,00:01:56,George,00004490-PHOTO-2022-10-11-15-55-13.jpg
22/07/2022 10:17,00:01:57,Harvey,00001305-PHOTO-2022-07-22-10-17-31.jpg
02/08/2022 11:02,00:01:57,Oli,00001744-PHOTO-2022-08-02-11-02-43.jpg
14/12/2022 17:16,00:01:57,Oli,00007089-PHOTO-2022-12-14-17-16-20.jpg
05/08/2022 16:31,00:01:58,Oli,00001886-PHOTO-2022-08-05-16-31-55.jpg
11/08/2022 09:32,00:01:58,Joe,00002115-PHOTO-2022-08-11-09-32-55.jpg
11/01/2023 08:45,00:01:58,Tom,00008069-PHOTO-2023-01-11-08-45-30.jpg
20/09/2022 06:35,00:01:59,Tom,00003642-PHOTO-2022-09-20-06-35-38.jpg
01/01/2023 19:29,00:01:59,Joe,00007764-PHOTO-2023-01-01-19-29-09.jpg
07/01/2023 19:38,00:01:59,Oli,00007945-PHOTO-2023-01-07-19-38-01.jpg
22/08/2022 16:51,00:02:00,Oli,00002419-PHOTO-2022-08-22-16-51-19.jpg
06/11/2022 19:01,00:02:00,Oli,00005643-PHOTO-2022-11-06-19-01-08.jpg
01/07/2022 09:42,00:02:01,Joe,00000596-PHOTO-2022-07-01-09-42-15.jpg
22/08/2022 17:06,00:02:01,Joe,00002430-PHOTO-2022-08-22-17-06-11.jpg
19/09/2022 10:07,00:02:01,Joe,00003616-PHOTO-2022-09-19-10-07-19.jpg
24/08/2022 11:05,00:02:02,Joe,00002463-PHOTO-2022-08-24-11-05-31.jpg
21/10/2022 13:22,00:02:02,Oli,00005023-PHOTO-2022-10-21-13-22-47.jpg
11/09/2022 11:37,00:02:03,Harvey,00003236-PHOTO-2022-09-11-11-37-47.jpg
17/10/2022 15:30,00:02:03,Tom,00004744-PHOTO-2022-10-17-15-30-40.jpg
23/10/2022 20:51,00:02:03,Joe,00005068-PHOTO-2022-10-23-20-51-41.jpg
23/11/2022 16:22,00:02:03,Joe,00006525-PHOTO-2022-11-23-16-22-45.jpg
23/10/2022 19:00,00:02:04,Tom,00005063-PHOTO-2022-10-23-19-00-22.jpg
26/10/2022 10:11,00:02:04,George,00005155-PHOTO-2022-10-26-10-11-14.jpg
13/06/2022 09:34,00:02:05,Joe,00000220-PHOTO-2022-06-13-09-34-49.jpg
25/07/2022 10:07,00:02:05,Joe,00001377-PHOTO-2022-07-25-10-07-44.jpg
07/01/2023 12:00,00:02:05,Joe,00007938-PHOTO-2023-01-07-12-00-04.jpg
11/08/2022 09:31,00:02:06,George,00002112-PHOTO-2022-08-11-09-31-09.jpg
04/11/2022 12:50,00:02:06,Joe,00005607-PHOTO-2022-11-04-12-50-57.jpg
29/12/2022 10:38,00:02:08,George,00007646-PHOTO-2022-12-29-10-38-34.jpg
11/11/2022 00:52,00:02:09,Harvey,00005974-PHOTO-2022-11-11-00-52-22.jpg
17/01/2023 10:20,00:02:09,Harvey,00008427-PHOTO-2023-01-17-10-20-52.jpg
15/12/2022 09:22,00:02:10,Joe,00007128-PHOTO-2022-12-15-09-22-35.jpg
03/08/2022 09:48,00:02:11,Joe,00001800-PHOTO-2022-08-03-09-48-30.jpg
04/08/2022 09:35,00:02:11,Tom,00001830-PHOTO-2022-08-04-09-35-14.jpg
29/09/2022 13:15,00:02:11,Joe,00004012-PHOTO-2022-09-29-13-15-22.jpg
10/12/2022 22:48,00:02:11,Harvey,00007031-PHOTO-2022-12-10-22-48-12.jpg
07/10/2022 10:43,00:02:12,George,00004275-PHOTO-2022-10-07-10-43-59.jpg
01/09/2022 11:13,00:02:14,Oli,00002710-PHOTO-2022-09-01-11-13-14.jpg
17/07/2022 13:19,00:02:15,Joe,00001116-PHOTO-2022-07-17-13-19-05.jpg
09/08/2022 11:39,00:02:15,Oli,00002032-PHOTO-2022-08-09-11-39-59.jpg
20/10/2022 19:15,00:02:15,Tom,00004998-PHOTO-2022-10-20-19-15-14.jpg
27/10/2022 10:44,00:02:15,Joe,00005171-PHOTO-2022-10-27-10-44-22.jpg
09/10/2022 13:55,00:02:16,Harvey,00004436-PHOTO-2022-10-09-13-55-34.jpg
02/01/2023 15:38,00:02:17,Harvey,00007789-PHOTO-2023-01-02-15-38-48.jpg
14/01/2023 00:54,00:02:17,Tom,00008329-PHOTO-2023-01-14-00-54-13.jpg
11/07/2022 09:44,00:02:18,Harvey,00000843-PHOTO-2022-07-11-09-44-12.jpg
28/08/2022 13:26,00:02:18,Oli,00002602-PHOTO-2022-08-28-13-26-13.jpg
12/10/2022 23:58,00:02:18,Harvey,00004557-PHOTO-2022-10-12-23-58-46.jpg
03/12/2022 13:49,00:02:18,Joe,00006710-PHOTO-2022-12-03-13-49-24.jpg
30/08/2022 11:14,00:02:19,Joe,00002613-PHOTO-2022-08-30-11-14-59.jpg
27/06/2022 12:17,00:02:20,George,00000505-PHOTO-2022-06-27-12-17-41.jpg
15/09/2022 10:49,00:02:20,Joe,00003469-PHOTO-2022-09-15-10-49-12.jpg
09/12/2022 12:51,00:02:20,Oli,00006997-PHOTO-2022-12-09-12-51-25.jpg
19/12/2022 13:20,00:02:20,Harvey,00007293-PHOTO-2022-12-19-13-20-46.jpg
30/06/2022 10:29,00:02:21,Joe,00000570-PHOTO-2022-06-30-10-29-12.jpg
30/07/2022 10:09,00:02:21,Oli,00001578-PHOTO-2022-07-30-10-09-11.jpg
10/08/2022 09:10,00:02:21,George,00002053-PHOTO-2022-08-10-09-10-44.jpg
27/10/2022 11:55,00:02:21,George,00005179-PHOTO-2022-10-27-11-55-50.jpg
25/06/2022 13:37,00:02:22,Joe,00000479-PHOTO-2022-06-25-13-37-10.jpg
08/07/2022 11:29,00:02:22,Oli,00000786-PHOTO-2022-07-08-11-29-45.jpg
30/08/2022 11:24,00:02:22,Oli,00002616-PHOTO-2022-08-30-11-24-31.jpg
10/09/2022 23:24,00:02:22,Oli,00003218-PHOTO-2022-09-10-23-24-55.jpg
12/11/2022 17:50,00:02:22,Harvey,00006128-PHOTO-2022-11-12-17-50-02.jpg
21/11/2022 11:05,00:02:23,Joe,00006449-PHOTO-2022-11-21-11-05-27.jpg
20/12/2022 11:33,00:02:23,Harvey,00007324-PHOTO-2022-12-20-11-33-57.jpg
25/08/2022 12:22,00:02:24,George,00002482-PHOTO-2022-08-25-12-22-59.jpg
06/11/2022 10:47,00:02:24,George,00005635-PHOTO-2022-11-06-10-47-54.jpg
05/12/2022 10:38,00:02:24,Joe,00006768-PHOTO-2022-12-05-10-38-42.jpg
20/01/2023 13:33,00:02:24,Oli,00008683-PHOTO-2023-01-20-13-33-35.jpg
03/09/2022 12:44,00:02:25,Oli,00002884-PHOTO-2022-09-03-12-44-40.jpg
29/11/2022 00:06,00:02:25,Joe,00006636-PHOTO-2022-11-29-00-06-39.jpg
04/01/2023 10:26,00:02:25,Tom,00007845-PHOTO-2023-01-04-10-26-38.jpg
20/07/2022 10:54,00:02:26,Oli,00001186-PHOTO-2022-07-20-10-54-29.jpg
27/07/2022 10:29,00:02:26,Oli,00001480-PHOTO-2022-07-27-10-29-32.jpg
03/11/2022 12:35,00:02:26,George,00005489-PHOTO-2022-11-03-12-35-38.jpg
27/10/2022 21:13,00:02:27,Oli,00005189-PHOTO-2022-10-27-21-13-13.jpg
23/12/2022 08:12,00:02:27,Tom,00007459-PHOTO-2022-12-23-08-12-05.jpg
30/07/2022 11:02,00:02:29,George,00001590-PHOTO-2022-07-30-11-02-56.jpg
14/08/2022 13:58,00:02:29,Tom,00002187-PHOTO-2022-08-14-13-58-15.jpg
30/08/2022 16:36,00:02:29,George,00002623-PHOTO-2022-08-30-16-36-09.jpg
25/10/2022 12:13,00:02:29,Oli,00005131-PHOTO-2022-10-25-12-13-45.jpg
05/01/2023 16:14,00:02:30,George,00007879-PHOTO-2023-01-05-16-14-05.jpg
20/01/2023 13:44,00:02:30,George,00008685-PHOTO-2023-01-20-13-44-10.jpg
01/11/2022 12:40,00:02:31,Tom,00005315-PHOTO-2022-11-01-12-40-00.jpg
11/12/2022 12:14,00:02:31,Joe,00007043-PHOTO-2022-12-11-12-14-30.jpg
25/09/2022 00:35,00:02:32,Tom,00003757-PHOTO-2022-09-25-00-35-43.jpg
08/11/2022 10:55,00:02:32,Tom,00005714-PHOTO-2022-11-08-10-55-31.jpg
18/12/2022 02:22,00:02:32,George,00007240-PHOTO-2022-12-18-02-22-21.jpg
31/10/2022 15:31,00:02:33,Harvey,00005272-PHOTO-2022-10-31-15-31-16.jpg
21/06/2022 09:55,00:02:34,Joe,00000355-PHOTO-2022-06-21-09-55-15.jpg
03/08/2022 10:28,00:02:34,Tom,00001812-PHOTO-2022-08-03-10-28-36.jpg
18/09/2022 10:06,00:02:34,George,00003578-PHOTO-2022-09-18-10-06-44.jpg
18/12/2022 02:20,00:02:34,Harvey,00007239-PHOTO-2022-12-18-02-20-39.jpg
29/12/2022 00:08,00:02:34,Oli,00007642-PHOTO-2022-12-29-00-08-23.jpg
20/08/2022 22:34,00:02:35,Oli,00002401-PHOTO-2022-08-20-22-34-15.jpg
16/09/2022 12:46,00:02:35,Harvey,00003524-PHOTO-2022-09-16-12-46-46.jpg
09/12/2022 10:31,00:02:35,George,00006968-PHOTO-2022-12-09-10-31-13.jpg
29/12/2022 09:57,00:02:35,Tom,00007644-PHOTO-2022-12-29-09-57-32.jpg
09/06/2022 06:05,00:02:36,Tom,00000136-PHOTO-2022-06-09-06-05-06.jpg
29/09/2022 11:01,00:02:36,George,00003992-PHOTO-2022-09-29-11-01-04.jpg
30/09/2022 10:10,00:02:37,Tom,00004045-PHOTO-2022-09-30-10-10-36.jpg
05/12/2022 17:39,00:02:37,Oli,00006790-PHOTO-2022-12-05-17-39-21.jpg
06/12/2022 12:48,00:02:37,Joe,00006825-PHOTO-2022-12-06-12-48-49.jpg
24/12/2022 11:51,00:02:37,Tom,00007521-PHOTO-2022-12-24-11-51-09.jpg
11/10/2022 13:26,00:02:38,Joe,00004472-PHOTO-2022-10-11-13-26-14.jpg
02/11/2022 12:07,00:02:39,Harvey,00005421-PHOTO-2022-11-02-12-07-10.jpg
06/08/2022 11:44,00:02:40,Joe,00001902-PHOTO-2022-08-06-11-44-12.jpg
17/09/2022 09:24,00:02:40,Tom,00003573-PHOTO-2022-09-17-09-24-09.jpg
18/09/2022 10:10,00:02:40,Harvey,00003582-PHOTO-2022-09-18-10-10-41.jpg
21/09/2022 11:35,00:02:40,Harvey,00003652-PHOTO-2022-09-21-11-35-52.jpg
30/12/2022 16:54,00:02:40,Joe,00007663-PHOTO-2022-12-30-16-54-28.jpg
21/06/2022 09:45,00:02:41,George,00000354-PHOTO-2022-06-21-09-45-59.jpg
20/07/2022 10:57,00:02:41,George,00001189-PHOTO-2022-07-20-10-57-58.jpg
31/10/2022 09:53,00:02:41,Joe,00005265-PHOTO-2022-10-31-09-53-57.jpg
25/11/2022 09:44,00:02:41,George,00006583-PHOTO-2022-11-25-09-44-42.jpg
13/01/2023 10:59,00:02:41,Joe,00008256-PHOTO-2023-01-13-10-59-51.jpg
17/06/2022 10:11,00:02:42,Joe,00000256-PHOTO-2022-06-17-10-11-17.jpg
27/06/2022 03:34,00:02:42,Tom,00000501-PHOTO-2022-06-27-03-34-48.jpg
19/12/2022 16:28,00:02:42,Oli,00007303-PHOTO-2022-12-19-16-28-39.jpg
24/12/2022 20:54,00:02:42,Joe,00007526-PHOTO-2022-12-24-20-54-45.jpg
28/07/2022 00:47,00:02:43,Tom,00001494-PHOTO-2022-07-28-00-47-38.jpg
28/09/2022 10:48,00:02:43,Tom,00003978-PHOTO-2022-09-28-10-48-34.jpg
26/11/2022 19:51,00:02:43,Oli,00006598-PHOTO-2022-11-26-19-51-15.jpg
05/01/2023 11:50,00:02:43,Joe,00007876-PHOTO-2023-01-05-11-50-04.jpg
16/08/2022 11:15,00:02:44,Oli,00002298-PHOTO-2022-08-16-11-15-58.jpg
24/10/2022 22:29,00:02:44,George,00005099-PHOTO-2022-10-24-22-29-21.jpg
06/06/2022 11:42,00:02:45,Joe,00000040-PHOTO-2022-06-06-11-42-20.jpg
11/10/2022 16:11,00:02:45,Tom,00004526-PHOTO-2022-10-11-16-11-07.jpg
21/10/2022 12:15,00:02:46,Harvey,00005006-PHOTO-2022-10-21-12-15-48.jpg
12/12/2022 11:37,00:02:47,Joe,00007053-PHOTO-2022-12-12-11-37-35.jpg
03/01/2023 11:57,00:02:47,Tom,00007831-PHOTO-2023-01-03-11-57-39.jpg
19/10/2022 12:08,00:02:48,Harvey,00004856-PHOTO-2022-10-19-12-08-38.jpg
11/12/2022 05:10,00:02:49,George,00007037-PHOTO-2022-12-11-05-10-09.jpg
14/01/2023 15:19,00:02:49,Oli,00008347-PHOTO-2023-01-14-15-19-39.jpg
15/01/2023 19:12,00:02:49,Oli,00008374-PHOTO-2023-01-15-19-12-58.jpg
09/09/2022 11:41,00:02:50,Oli,00003166-PHOTO-2022-09-09-11-41-02.jpg
27/09/2022 16:52,00:02:50,Joe,00003928-PHOTO-2022-09-27-16-52-29.jpg
29/11/2022 17:56,00:02:50,Harvey,00006669-PHOTO-2022-11-29-17-56-22.jpg
26/07/2022 12:00,00:02:51,Tom,00001449-PHOTO-2022-07-26-12-00-52.jpg
10/08/2022 12:07,00:02:51,Oli,00002054-PHOTO-2022-08-10-12-07-28.jpg
28/11/2022 17:34,00:02:51,Oli,00006618-PHOTO-2022-11-28-17-34-59.jpg
06/12/2022 12:32,00:02:51,Tom,00006824-PHOTO-2022-12-06-12-32-20.jpg
08/06/2022 01:03,00:02:52,Tom,00000093-PHOTO-2022-06-08-01-03-12.jpg
20/06/2022 01:12,00:02:52,Joe,00000304-PHOTO-2022-06-20-01-12-26.jpg
16/12/2022 09:49,00:02:52,Joe,00007177-PHOTO-2022-12-16-09-49-00.jpg
26/07/2022 09:12,00:02:53,Harvey,00001398-PHOTO-2022-07-26-09-12-43.jpg
01/08/2022 11:16,00:02:53,Joe,00001685-PHOTO-2022-08-01-11-16-35.jpg
04/10/2022 17:43,00:02:53,George,00004213-PHOTO-2022-10-04-17-43-00.jpg
20/12/2022 14:06,00:02:54,George,00007325-PHOTO-2022-12-20-14-06-57.jpg
21/09/2022 10:23,00:02:55,Tom,00003651-PHOTO-2022-09-21-10-23-46.jpg
25/10/2022 10:30,00:02:55,Joe,00005114-PHOTO-2022-10-25-10-30-59.jpg
18/01/2023 23:15,00:02:55,Sal,00008543-PHOTO-2023-01-18-23-15-44.jpg
25/06/2022 01:55,00:02:56,Harvey,00000474-PHOTO-2022-06-25-01-55-25.jpg
11/01/2023 09:56,00:02:56,Harvey,00008077-PHOTO-2023-01-11-09-56-07.jpg
06/09/2022 11:18,00:02:57,Joe,00002981-PHOTO-2022-09-06-11-18-40.jpg
07/12/2022 10:07,00:02:57,George,00006882-PHOTO-2022-12-07-10-07-33.jpg
07/06/2022 12:15,00:02:58,Joe,00000084-PHOTO-2022-06-07-12-15-57.jpg
12/09/2022 11:34,00:02:58,George,00003260-PHOTO-2022-09-12-11-34-31.jpg
01/12/2022 14:07,00:03:00,Harvey,00006693-PHOTO-2022-12-01-14-07-01.jpg
03/10/2022 10:49,00:03:01,Tom,00004129-PHOTO-2022-10-03-10-49-19.jpg
24/06/2022 05:04,00:03:02,Tom,00000418-PHOTO-2022-06-24-05-04-35.jpg
31/07/2022 21:59,00:03:03,George,00001631-PHOTO-2022-07-31-21-59-40.jpg
24/11/2022 13:31,00:03:03,Tom,00006548-PHOTO-2022-11-24-13-31-11.jpg
07/11/2022 21:33,00:03:04,George,00005701-PHOTO-2022-11-07-21-33-25.jpg
31/10/2022 18:01,00:03:05,Oli,00005284-PHOTO-2022-10-31-18-01-35.jpg
14/08/2022 10:49,00:03:06,Oli,00002165-PHOTO-2022-08-14-10-49-58.jpg
15/08/2022 10:55,00:03:06,Joe,00002198-PHOTO-2022-08-15-10-55-48.jpg
16/12/2022 13:19,00:03:06,George,00007195-PHOTO-2022-12-16-13-19-30.jpg
20/06/2022 06:30,00:03:07,Tom,00000305-PHOTO-2022-06-20-06-30-40.jpg
04/10/2022 17:12,00:03:07,Oli,00004204-PHOTO-2022-10-04-17-12-47.jpg
19/01/2023 10:04,00:03:07,Tom,00008553-PHOTO-2023-01-19-10-04-17.jpg
16/09/2022 12:20,00:03:08,Joe,00003521-PHOTO-2022-09-16-12-20-56.jpg
11/10/2022 14:00,00:03:08,Harvey,00004479-PHOTO-2022-10-11-14-00-51.jpg
24/06/2022 09:05,00:03:09,Harvey,00000419-PHOTO-2022-06-24-09-05-56.jpg
02/09/2022 14:29,00:03:09,Oli,00002777-PHOTO-2022-09-02-14-29-53.jpg
26/11/2022 19:51,00:03:09,Harvey,00006597-PHOTO-2022-11-26-19-51-07.jpg
05/12/2022 23:59,00:03:09,Tom,00006802-PHOTO-2022-12-05-23-59-55.jpg
06/12/2022 00:01,00:03:09,Tom,00006805-PHOTO-2022-12-06-00-01-18.jpg
18/08/2022 15:14,00:03:11,Oli,00002391-PHOTO-2022-08-18-15-14-39.jpg
26/08/2022 10:47,00:03:11,George,00002505-PHOTO-2022-08-26-10-47-11.jpg
12/10/2022 23:56,00:03:11,George,00004551-PHOTO-2022-10-12-23-56-58.jpg
24/12/2022 21:05,00:03:11,Harvey,00007536-PHOTO-2022-12-24-21-05-03.jpg
21/01/2023 11:30,00:03:11,Joe,00008713-PHOTO-2023-01-21-11-30-46.jpg
10/07/2022 11:00,00:03:12,George,00000825-PHOTO-2022-07-10-11-00-00.jpg
05/09/2022 10:00,00:03:12,Joe,00002905-PHOTO-2022-09-05-10-00-59.jpg
13/12/2022 00:35,00:03:12,Tom,00007078-PHOTO-2022-12-13-00-35-37.jpg
14/01/2023 15:15,00:03:12,Joe,00008344-PHOTO-2023-01-14-15-15-30.jpg
26/06/2022 02:06,00:03:14,Joe,00000485-PHOTO-2022-06-26-02-06-39.jpg
23/10/2022 18:57,00:03:14,Harvey,00005062-PHOTO-2022-10-23-18-57-12.jpg
03/12/2022 14:20,00:03:14,Tom,00006719-PHOTO-2022-12-03-14-20-10.jpg
12/01/2023 12:42,00:03:14,Oli,00008183-PHOTO-2023-01-12-12-42-43.jpg
16/12/2022 10:28,00:03:15,Tom,00007191-PHOTO-2022-12-16-10-28-50.jpg
25/09/2022 00:35,00:03:16,Harvey,00003755-PHOTO-2022-09-25-00-35-20.jpg
30/09/2022 14:48,00:03:16,George,00004067-PHOTO-2022-09-30-14-48-51.jpg
27/12/2022 13:14,00:03:17,Tom,00007608-PHOTO-2022-12-27-13-14-05.jpg
12/01/2023 12:25,00:03:19,Joe,00008151-PHOTO-2023-01-12-12-25-35.jpg
17/07/2022 10:59,00:03:20,Oli,00001115-PHOTO-2022-07-17-10-59-11.jpg
02/07/2022 00:16,00:03:21,Harvey,00000622-PHOTO-2022-07-02-00-16-28.jpg
05/07/2022 10:01,00:03:21,Joe,00000678-PHOTO-2022-07-05-10-01-21.jpg
27/09/2022 17:26,00:03:21,Oli,00003939-PHOTO-2022-09-27-17-26-54.jpg
12/07/2022 09:53,00:03:23,Oli,00000886-PHOTO-2022-07-12-09-53-28.jpg
27/08/2022 13:56,00:03:23,Joe,00002552-PHOTO-2022-08-27-13-56-07.jpg
29/09/2022 13:19,00:03:23,Oli,00004016-PHOTO-2022-09-29-13-19-47.jpg
04/01/2023 14:03,00:03:24,Oli,00007852-PHOTO-2023-01-04-14-03-08.jpg
30/07/2022 08:29,00:03:26,Tom,00001576-PHOTO-2022-07-30-08-29-10.jpg
21/07/2022 10:05,00:03:27,Joe,00001245-PHOTO-2022-07-21-10-05-13.jpg
24/10/2022 09:58,00:03:27,Joe,00005072-PHOTO-2022-10-24-09-58-58.jpg
26/10/2022 10:05,00:03:27,Tom,00005151-PHOTO-2022-10-26-10-05-55.jpg
30/10/2022 16:16,00:03:27,Joe,00005232-PHOTO-2022-10-30-16-16-54.jpg
28/06/2022 12:12,00:03:28,Joe,00000521-PHOTO-2022-06-28-12-12-46.jpg
08/12/2022 13:55,00:03:28,Tom,00006947-PHOTO-2022-12-08-13-55-28.jpg
08/12/2022 13:59,00:03:28,Tom,00006952-PHOTO-2022-12-08-13-59-39.jpg
15/08/2022 11:33,00:03:29,Oli,00002208-PHOTO-2022-08-15-11-33-24.jpg
03/06/2022 07:57,00:03:30,Joe,00000016-PHOTO-2022-06-03-07-57-42.jpg
03/11/2022 11:22,00:03:30,Oli,00005480-PHOTO-2022-11-03-11-22-20.jpg
09/08/2022 11:26,00:03:31,George,00002019-PHOTO-2022-08-09-11-26-56.jpg
26/09/2022 16:06,00:03:31,Harvey,00003798-PHOTO-2022-09-26-16-06-03.jpg
13/09/2022 11:34,00:03:32,Harvey,00003293-PHOTO-2022-09-13-11-34-12.jpg
18/10/2022 13:35,00:03:32,Joe,00004797-PHOTO-2022-10-18-13-35-21.jpg
23/08/2022 12:04,00:03:33,Harvey,00002437-PHOTO-2022-08-23-12-04-05.jpg
09/08/2022 15:09,00:03:34,Harvey,00002051-PHOTO-2022-08-09-15-09-54.jpg
11/09/2022 09:39,00:03:34,Tom,00003229-PHOTO-2022-09-11-09-39-11.jpg
22/11/2022 15:32,00:03:34,Joe,00006504-PHOTO-2022-11-22-15-32-11.jpg
21/06/2022 09:07,00:03:35,Harvey,00000353-PHOTO-2022-06-21-09-07-19.jpg
09/07/2022 12:29,00:03:35,Harvey,00000811-PHOTO-2022-07-09-12-29-43.jpg
26/09/2022 23:08,00:03:35,Tom,00003833-PHOTO-2022-09-26-23-08-04.jpg
10/06/2022 01:21,00:03:36,Joe,00000147-PHOTO-2022-06-10-01-21-30.jpg
09/08/2022 11:35,00:03:36,Joe,00002027-PHOTO-2022-08-09-11-35-14.jpg
07/01/2023 09:43,00:03:36,Tom,00007934-PHOTO-2023-01-07-09-43-11.jpg
15/12/2022 07:39,00:03:37,Tom,00007119-PHOTO-2022-12-15-07-39-44.jpg
02/08/2022 10:54,00:03:38,Harvey,00001740-PHOTO-2022-08-02-10-54-40.jpg
08/11/2022 11:46,00:03:39,Oli,00005756-PHOTO-2022-11-08-11-46-17.jpg
09/11/2022 17:51,00:03:39,Joe,00005882-PHOTO-2022-11-09-17-51-51.jpg
23/11/2022 00:58,00:03:39,Harvey,00006513-PHOTO-2022-11-23-00-58-01.jpg
15/07/2022 11:14,00:03:40,Joe,00001029-PHOTO-2022-07-15-11-14-19.jpg
08/09/2022 11:27,00:03:40,George,00003114-PHOTO-2022-09-08-11-27-54.jpg
02/07/2022 11:23,00:03:41,George,00000631-PHOTO-2022-07-02-11-23-38.jpg
30/08/2022 17:09,00:03:41,Tom,00002625-PHOTO-2022-08-30-17-09-15.jpg
04/09/2022 11:19,00:03:41,Joe,00002891-PHOTO-2022-09-04-11-19-15.jpg
29/08/2022 17:28,00:03:42,George,00002610-PHOTO-2022-08-29-17-28-25.jpg
26/09/2022 15:54,00:03:42,Joe,00003782-PHOTO-2022-09-26-15-54-39.jpg
09/10/2022 03:43,00:03:42,Tom,00004433-PHOTO-2022-10-09-03-43-41.jpg
14/11/2022 15:57,00:03:42,Tom,00006167-PHOTO-2022-11-14-15-57-34.jpg
21/12/2022 11:34,00:03:42,Harvey,00007338-PHOTO-2022-12-21-11-34-48.jpg
25/10/2022 13:13,00:03:43,George,00005141-PHOTO-2022-10-25-13-13-53.jpg
25/07/2022 11:47,00:03:47,Oli,00001379-PHOTO-2022-07-25-11-47-01.jpg
03/01/2023 10:50,00:03:47,George,00007797-PHOTO-2023-01-03-10-50-54.jpg
16/09/2022 09:08,00:03:48,Tom,00003520-PHOTO-2022-09-16-09-08-41.jpg
30/09/2022 13:36,00:03:48,Oli,00004046-PHOTO-2022-09-30-13-36-20.jpg
31/10/2022 15:48,00:03:48,Tom,00005274-PHOTO-2022-10-31-15-48-23.jpg
02/12/2022 13:41,00:03:49,Joe,00006701-PHOTO-2022-12-02-13-41-00.jpg
18/06/2022 09:49,00:03:50,Tom,00000269-PHOTO-2022-06-18-09-49-47.jpg
21/08/2022 12:29,00:03:50,Oli,00002410-PHOTO-2022-08-21-12-29-22.jpg
19/08/2022 16:16,00:03:51,Oli,00002398-PHOTO-2022-08-19-16-16-40.jpg
25/11/2022 07:57,00:03:51,Tom,00006581-PHOTO-2022-11-25-07-57-13.jpg
27/11/2022 11:36,00:03:51,Oli,00006602-PHOTO-2022-11-27-11-36-46.jpg
25/08/2022 06:33,00:03:52,Tom,00002471-PHOTO-2022-08-25-06-33-28.jpg
07/09/2022 12:27,00:03:52,Tom,00003060-PHOTO-2022-09-07-12-27-50.jpg
14/09/2022 12:11,00:03:52,George,00003353-PHOTO-2022-09-14-12-11-43.jpg
19/07/2022 11:14,00:03:53,George,00001178-PHOTO-2022-07-19-11-14-56.jpg
22/07/2022 10:56,00:03:53,Oli,00001326-PHOTO-2022-07-22-10-56-57.jpg
25/08/2022 13:43,00:03:53,Harvey,00002491-PHOTO-2022-08-25-13-43-57.jpg
09/09/2022 11:45,00:03:53,Harvey,00003167-PHOTO-2022-09-09-11-45-31.jpg
03/01/2023 10:59,00:03:54,Harvey,00007803-PHOTO-2023-01-03-10-59-08.jpg
06/08/2022 18:04,00:03:55,Oli,00001914-PHOTO-2022-08-06-18-04-30.jpg
06/11/2022 11:06,00:03:56,Tom,00005642-PHOTO-2022-11-06-11-06-11.jpg
22/11/2022 23:48,00:03:57,Oli,00006509-PHOTO-2022-11-22-23-48-34.jpg
11/12/2022 12:06,00:03:57,Harvey,00007041-PHOTO-2022-12-11-12-06-08.jpg
27/07/2022 10:05,00:03:59,George,00001472-PHOTO-2022-07-27-10-05-26.jpg
15/09/2022 11:29,00:04:01,George,00003479-PHOTO-2022-09-15-11-29-06.jpg
31/07/2022 13:14,00:04:02,Harvey,00001600-PHOTO-2022-07-31-13-14-30.jpg
25/06/2022 08:00,00:04:03,Tom,00000476-PHOTO-2022-06-25-08-00-04.jpg
26/08/2022 10:28,00:04:04,Joe,00002502-PHOTO-2022-08-26-10-28-05.jpg
31/08/2022 12:38,00:04:04,George,00002649-PHOTO-2022-08-31-12-38-40.jpg
03/12/2022 13:54,00:04:04,Harvey,00006715-PHOTO-2022-12-03-13-54-02.jpg
23/07/2022 12:37,00:04:06,Oli,00001350-PHOTO-2022-07-23-12-37-54.jpg
09/11/2022 15:41,00:04:06,George,00005834-PHOTO-2022-11-09-15-41-42.jpg
19/11/2022 15:03,00:04:06,Joe,00006418-PHOTO-2022-11-19-15-03-49.jpg
24/08/2022 10:34,00:04:08,George,00002462-PHOTO-2022-08-24-10-34-10.jpg
10/10/2022 15:13,00:04:09,Harvey,00004459-PHOTO-2022-10-10-15-13-03.jpg
10/12/2022 22:50,00:04:09,Tom,00007033-PHOTO-2022-12-10-22-50-58.jpg
15/12/2022 16:37,00:04:09,Harvey,00007156-PHOTO-2022-12-15-16-37-08.jpg
12/08/2022 16:04,00:04:11,Tom,00002151-PHOTO-2022-08-12-16-04-26.jpg
12/10/2022 23:47,00:04:11,Tom,00004547-PHOTO-2022-10-12-23-47-14.jpg
30/10/2022 23:59,00:04:11,George,00005237-PHOTO-2022-10-30-23-59-50.jpg
26/06/2022 11:05,00:04:12,Tom,00000499-PHOTO-2022-06-26-11-05-03.jpg
08/12/2022 14:08,00:04:13,George,00006959-PHOTO-2022-12-08-14-08-49.jpg
27/06/2022 01:07,00:04:14,Joe,00000500-PHOTO-2022-06-27-01-07-41.jpg
15/01/2023 18:51,00:04:14,Joe,00008360-PHOTO-2023-01-15-18-51-38.jpg
13/11/2022 09:22,00:04:15,Tom,00006146-PHOTO-2022-11-13-09-22-01.jpg
16/01/2023 10:49,00:04:15,Harvey,00008387-PHOTO-2023-01-16-10-49-31.jpg
13/11/2022 12:53,00:04:16,Joe,00006148-PHOTO-2022-11-13-12-53-23.jpg
28/11/2022 12:17,00:04:16,Harvey,00006614-PHOTO-2022-11-28-12-17-40.jpg
05/06/2022 02:03,00:04:17,Joe,00000034-PHOTO-2022-06-05-02-03-09.jpg
13/07/2022 01:45,00:04:17,Tom,00000894-PHOTO-2022-07-13-01-45-33.jpg
11/06/2022 02:41,00:04:18,Harvey,00000155-PHOTO-2022-06-11-02-41-22.jpg
14/08/2022 10:45,00:04:18,Joe,00002160-PHOTO-2022-08-14-10-45-17.jpg
06/10/2022 18:01,00:04:18,Tom,00004265-PHOTO-2022-10-06-18-01-16.jpg
29/06/2022 09:17,00:04:20,George,00000528-PHOTO-2022-06-29-09-17-17.jpg
24/07/2022 14:45,00:04:20,George,00001354-PHOTO-2022-07-24-14-45-05.jpg
24/09/2022 19:22,00:04:21,Harvey,00003747-PHOTO-2022-09-24-19-22-53.jpg
26/12/2022 00:24,00:04:22,Oli,00007602-PHOTO-2022-12-26-00-24-53.jpg
14/01/2023 07:54,00:04:22,Harvey,00008330-PHOTO-2023-01-14-07-54-21.jpg
29/07/2022 11:35,00:04:24,Tom,00001534-PHOTO-2022-07-29-11-35-11.jpg
27/11/2022 11:04,00:04:24,Harvey,00006600-PHOTO-2022-11-27-11-04-39.jpg
22/07/2022 08:31,00:04:25,George,00001302-PHOTO-2022-07-22-08-31-11.jpg
30/07/2022 09:11,00:04:25,Harvey,00001577-PHOTO-2022-07-30-09-11-47.jpg
01/08/2022 11:30,00:04:25,George,00001688-PHOTO-2022-08-01-11-30-20.jpg
04/08/2022 09:15,00:04:25,Harvey,00001824-PHOTO-2022-08-04-09-15-24.jpg
07/08/2022 15:33,00:04:25,George,00001930-PHOTO-2022-08-07-15-33-06.jpg
13/06/2022 01:35,00:04:26,Harvey,00000217-PHOTO-2022-06-13-01-35-19.jpg
18/10/2022 13:30,00:04:26,Harvey,00004783-PHOTO-2022-10-18-13-30-07.jpg
30/10/2022 23:45,00:04:26,Oli,00005236-PHOTO-2022-10-30-23-45-03.jpg
05/01/2023 11:47,00:04:26,Harvey,00007875-PHOTO-2023-01-05-11-47-46.jpg
30/06/2022 10:34,00:04:27,Tom,00000571-PHOTO-2022-06-30-10-34-15.jpg
08/12/2022 13:49,00:04:27,Oli,00006942-PHOTO-2022-12-08-13-49-04.jpg
16/01/2023 20:28,00:04:28,George,00008405-PHOTO-2023-01-16-20-28-23.jpg
20/01/2023 11:17,00:04:28,Tom,00008682-PHOTO-2023-01-20-11-17-10.jpg
13/06/2022 07:26,00:04:29,Tom,00000219-PHOTO-2022-06-13-07-26-35.jpg
06/08/2022 16:52,00:04:29,Harvey,00001909-PHOTO-2022-08-06-16-52-12.jpg
14/12/2022 04:53,00:04:29,Tom,00007085-PHOTO-2022-12-14-04-53-01.jpg
17/08/2022 12:37,00:04:30,George,00002380-PHOTO-2022-08-17-12-37-54.jpg
14/09/2022 22:27,00:04:30,Oli,00003402-PHOTO-2022-09-14-22-27-20.jpg
07/07/2022 01:36,00:04:31,Harvey,00000767-PHOTO-2022-07-07-01-36-42.jpg
08/01/2023 12:54,00:04:31,George,00007957-PHOTO-2023-01-08-12-54-28.jpg
08/01/2023 12:59,00:04:31,Joe,00007960-PHOTO-2023-01-08-12-59-05.jpg
08/01/2023 16:56,00:04:31,Sal,00007971-PHOTO-2023-01-08-16-56-21.jpg
23/09/2022 11:15,00:04:32,Oli,00003737-PHOTO-2022-09-23-11-15-02.jpg
21/10/2022 12:12,00:04:33,Tom,00005005-PHOTO-2022-10-21-12-12-03.jpg
10/11/2022 00:22,00:04:34,Harvey,00005894-PHOTO-2022-11-10-00-22-04.jpg
22/11/2022 05:11,00:04:35,Tom,00006503-PHOTO-2022-11-22-05-11-56.jpg
23/09/2022 10:36,00:04:38,George,00003716-PHOTO-2022-09-23-10-36-49.jpg
06/09/2022 21:46,00:04:39,Harvey,00002991-PHOTO-2022-09-06-21-46-17.jpg
08/11/2022 11:23,00:04:39,George,00005725-PHOTO-2022-11-08-11-23-46.jpg
05/08/2022 10:01,00:04:44,Harvey,00001857-PHOTO-2022-08-05-10-01-17.jpg
13/09/2022 11:02,00:04:44,Joe,00003279-PHOTO-2022-09-13-11-02-34.jpg
09/12/2022 10:14,00:04:46,Joe,00006966-PHOTO-2022-12-09-10-14-18.jpg
12/09/2022 10:02,00:04:47,Tom,00003258-PHOTO-2022-09-12-10-02-18.jpg
18/07/2022 10:07,00:04:48,Oli,00001121-PHOTO-2022-07-18-10-07-14.jpg
11/12/2022 18:42,00:04:48,Tom,00007045-PHOTO-2022-12-11-18-42-58.jpg
06/12/2022 15:04,00:04:49,Harvey,00006831-PHOTO-2022-12-06-15-04-18.jpg
15/07/2022 07:12,00:04:50,Tom,00001018-PHOTO-2022-07-15-07-12-03.jpg
10/08/2022 12:17,00:04:52,Joe,00002056-PHOTO-2022-08-10-12-17-44.jpg
14/10/2022 09:35,00:04:52,Joe,00004641-PHOTO-2022-10-14-09-35-30.jpg
24/10/2022 22:09,00:04:52,Oli,00005088-PHOTO-2022-10-24-22-09-28.jpg
07/07/2022 09:39,00:04:54,Joe,00000777-PHOTO-2022-07-07-09-39-38.jpg
20/08/2022 22:48,00:04:56,Harvey,00002402-PHOTO-2022-08-20-22-48-44.jpg
24/08/2022 12:25,00:04:57,Tom,00002468-PHOTO-2022-08-24-12-25-07.jpg
04/10/2022 12:52,00:04:57,Joe,00004181-PHOTO-2022-10-04-12-52-34.jpg
13/07/2022 10:02,00:04:58,Joe,00000897-PHOTO-2022-07-13-10-02-34.jpg
12/08/2022 15:39,00:04:58,Joe,00002149-PHOTO-2022-08-12-15-39-00.jpg
27/11/2022 10:59,00:05:00,Tom,00006599-PHOTO-2022-11-27-10-59-24.jpg
04/12/2022 17:57,00:05:00,Joe,00006762-PHOTO-2022-12-04-17-57-25.jpg
23/06/2022 09:41,00:05:04,George,00000400-PHOTO-2022-06-23-09-41-17.jpg
16/11/2022 19:48,00:05:04,Joe,00006257-PHOTO-2022-11-16-19-48-21.jpg
30/12/2022 15:49,00:05:04,Tom,00007653-PHOTO-2022-12-30-15-49-56.jpg
08/12/2022 09:14,00:05:06,Harvey,00006933-PHOTO-2022-12-08-09-14-43.jpg
20/07/2022 12:58,00:05:09,Joe,00001200-PHOTO-2022-07-20-12-58-42.jpg
03/08/2022 23:55,00:05:10,Harvey,00001817-PHOTO-2022-08-03-23-55-17.jpg
22/06/2022 09:48,00:05:11,George,00000369-PHOTO-2022-06-22-09-48-23.jpg
30/06/2022 08:19,00:05:11,George,00000554-PHOTO-2022-06-30-08-19-29.jpg
21/07/2022 11:12,00:05:11,George,00001246-PHOTO-2022-07-21-11-12-23.jpg
28/10/2022 12:38,00:05:11,Harvey,00005210-PHOTO-2022-10-28-12-38-08.jpg
07/06/2022 06:28,00:05:13,Tom,00000075-PHOTO-2022-06-07-06-28-07.jpg
24/06/2022 09:54,00:05:14,Joe,00000452-PHOTO-2022-06-24-09-54-07.jpg
01/09/2022 12:00,00:05:14,George,00002734-PHOTO-2022-09-01-12-00-11.jpg
16/08/2022 11:07,00:05:18,George,00002281-PHOTO-2022-08-16-11-07-13.jpg
06/11/2022 19:30,00:05:18,Harvey,00005652-PHOTO-2022-11-06-19-30-02.jpg
18/07/2022 08:09,00:05:20,Tom,00001117-PHOTO-2022-07-18-08-09-48.jpg
20/10/2022 13:25,00:05:20,Oli,00004932-PHOTO-2022-10-20-13-25-15.jpg
29/06/2022 09:33,00:05:21,Joe,00000535-PHOTO-2022-06-29-09-33-10.jpg
07/11/2022 08:40,00:05:21,Harvey,00005661-PHOTO-2022-11-07-08-40-24.jpg
14/11/2022 20:25,00:05:21,Oli,00006169-PHOTO-2022-11-14-20-25-57.jpg
12/12/2022 12:14,00:05:21,Tom,00007057-PHOTO-2022-12-12-12-14-58.jpg
29/08/2022 17:18,00:05:22,Oli,00002607-PHOTO-2022-08-29-17-18-35.jpg
20/12/2022 09:24,00:05:23,Joe,00007314-PHOTO-2022-12-20-09-24-16.jpg
02/11/2022 09:47,00:05:24,Joe,00005400-PHOTO-2022-11-02-09-47-34.jpg
13/07/2022 10:14,00:05:26,Harvey,00000901-PHOTO-2022-07-13-10-14-46.jpg
22/09/2022 09:29,00:05:26,Harvey,00003678-PHOTO-2022-09-22-09-29-53.jpg
27/09/2022 17:22,00:05:27,Tom,00003938-PHOTO-2022-09-27-17-22-46.jpg
12/07/2022 09:30,00:05:28,Harvey,00000884-PHOTO-2022-07-12-09-30-05.jpg
03/10/2022 11:19,00:05:30,Harvey,00004130-PHOTO-2022-10-03-11-19-45.jpg
05/08/2022 10:30,00:05:32,Joe,00001859-PHOTO-2022-08-05-10-30-59.jpg
12/08/2022 12:40,00:05:32,George,00002143-PHOTO-2022-08-12-12-40-34.jpg
27/12/2022 15:03,00:05:32,Harvey,00007621-PHOTO-2022-12-27-15-03-09.jpg
01/08/2022 11:02,00:05:34,Harvey,00001662-PHOTO-2022-08-01-11-02-51.jpg
05/01/2023 10:55,00:05:34,Tom,00007871-PHOTO-2023-01-05-10-55-15.jpg
18/07/2022 09:09,00:05:36,Harvey,00001119-PHOTO-2022-07-18-09-09-32.jpg
17/11/2022 13:10,00:05:36,Joe,00006313-PHOTO-2022-11-17-13-10-42.jpg
07/10/2022 15:54,00:05:39,Oli,00004321-PHOTO-2022-10-07-15-54-39.jpg
19/01/2023 19:55,00:05:39,Sal,00008633-PHOTO-2023-01-19-19-55-48.jpg
29/07/2022 01:13,00:05:40,Harvey,00001526-PHOTO-2022-07-29-01-13-47.jpg
02/09/2022 14:18,00:05:40,George,00002773-PHOTO-2022-09-02-14-18-48.jpg
08/12/2022 13:58,00:05:41,Joe,00006948-PHOTO-2022-12-08-13-58-38.jpg
22/12/2022 09:42,00:05:43,Joe,00007362-PHOTO-2022-12-22-09-42-38.jpg
19/06/2022 13:09,00:05:44,Joe,00000296-PHOTO-2022-06-19-13-09-39.jpg
16/01/2023 10:53,00:05:44,Tom,00008389-PHOTO-2023-01-16-10-53-04.jpg
27/09/2022 13:49,00:05:45,George,00003901-PHOTO-2022-09-27-13-49-09.jpg
06/07/2022 11:09,00:05:48,George,00000697-PHOTO-2022-07-06-11-09-59.jpg
03/09/2022 11:37,00:05:48,Joe,00002879-PHOTO-2022-09-03-11-37-33.jpg
30/11/2022 17:58,00:05:48,George,00006685-PHOTO-2022-11-30-17-58-45.jpg
20/10/2022 10:00,00:05:49,George,00004892-PHOTO-2022-10-20-10-00-35.jpg
12/06/2022 00:28,00:05:50,Harvey,00000176-PHOTO-2022-06-12-00-28-49.jpg
19/06/2022 12:55,00:05:50,Harvey,00000295-PHOTO-2022-06-19-12-55-24.jpg
11/08/2022 06:33,00:05:50,Tom,00002111-PHOTO-2022-08-11-06-33-23.jpg
15/01/2023 19:09,00:05:50,George,00008368-PHOTO-2023-01-15-19-09-29.jpg
22/07/2022 10:10,00:05:52,Joe,00001304-PHOTO-2022-07-22-10-10-34.jpg
05/07/2022 15:49,00:05:59,George,00000688-PHOTO-2022-07-05-15-49-55.jpg
01/08/2022 11:09,00:06:03,Oli,00001683-PHOTO-2022-08-01-11-09-17.jpg
20/11/2022 17:09,00:06:03,Oli,00006425-PHOTO-2022-11-20-17-09-19.jpg
04/11/2022 13:49,00:06:04,Oli,00005627-PHOTO-2022-11-04-13-49-20.jpg
10/06/2022 01:05,00:06:05,Harvey,00000145-PHOTO-2022-06-10-01-05-20.jpg
21/11/2022 11:16,00:06:06,Tom,00006460-PHOTO-2022-11-21-11-16-29.jpg
17/01/2023 21:05,00:06:06,Sal,00008500-PHOTO-2023-01-17-21-05-26.jpg
30/08/2022 11:36,00:06:08,Harvey,00002620-PHOTO-2022-08-30-11-36-57.jpg
31/08/2022 14:04,00:06:08,Harvey,00002681-PHOTO-2022-08-31-14-04-31.jpg
30/09/2022 15:11,00:06:08,Joe,00004077-PHOTO-2022-09-30-15-11-05.jpg
02/11/2022 10:30,00:06:10,Tom,00005405-PHOTO-2022-11-02-10-30-52.jpg
09/06/2022 10:04,00:06:14,Joe,00000138-PHOTO-2022-06-09-10-04-54.jpg
19/10/2022 14:13,00:06:16,Tom,00004865-PHOTO-2022-10-19-14-13-08.jpg
21/11/2022 12:19,00:06:16,George,00006487-PHOTO-2022-11-21-12-19-34.jpg
12/07/2022 10:44,00:06:17,Tom,00000890-PHOTO-2022-07-12-10-44-48.jpg
24/10/2022 22:11,00:06:18,Harvey,00005091-PHOTO-2022-10-24-22-11-59.jpg
23/09/2022 10:46,00:06:22,Harvey,00003720-PHOTO-2022-09-23-10-46-42.jpg
09/10/2022 14:21,00:06:22,Joe,00004443-PHOTO-2022-10-09-14-21-38.jpg
03/11/2022 10:48,00:06:23,Joe,00005477-PHOTO-2022-11-03-10-48-07.jpg
02/08/2022 11:22,00:06:25,George,00001767-PHOTO-2022-08-02-11-22-13.jpg
05/10/2022 13:08,00:06:25,Oli,00004252-PHOTO-2022-10-05-13-08-20.jpg
23/06/2022 00:15,00:06:26,Harvey,00000396-PHOTO-2022-06-23-00-15-34.jpg
19/06/2022 13:31,00:06:28,Tom,00000301-PHOTO-2022-06-19-13-31-40.jpg
08/08/2022 11:37,00:06:28,George,00001942-PHOTO-2022-08-08-11-37-16.jpg
15/09/2022 22:42,00:06:30,Oli,00003508-PHOTO-2022-09-15-22-42-22.jpg
20/11/2022 17:39,00:06:30,George,00006431-PHOTO-2022-11-20-17-39-02.jpg
19/07/2022 10:47,00:06:31,Oli,00001168-PHOTO-2022-07-19-10-47-59.jpg
22/09/2022 10:00,00:06:32,Joe,00003679-PHOTO-2022-09-22-10-00-58.jpg
29/08/2022 10:13,00:06:33,Joe,00002604-PHOTO-2022-08-29-10-13-15.jpg
15/08/2022 11:57,00:06:35,Harvey,00002217-PHOTO-2022-08-15-11-57-07.jpg
14/07/2022 09:55,00:06:38,Oli,00000950-PHOTO-2022-07-14-09-55-38.jpg
12/08/2022 15:26,00:06:38,Oli,00002147-PHOTO-2022-08-12-15-26-05.jpg
02/09/2022 17:05,00:06:38,Tom,00002873-PHOTO-2022-09-02-17-05-54.jpg
29/12/2022 00:02,00:06:38,Harvey,00007640-PHOTO-2022-12-29-00-02-47.jpg
07/06/2022 09:10,00:06:39,Harvey,00000076-PHOTO-2022-06-07-09-10-19.jpg
22/07/2022 00:24,00:06:42,Tom,00001295-PHOTO-2022-07-22-00-24-23.jpg
20/06/2022 00:33,00:06:44,Harvey,00000303-PHOTO-2022-06-20-00-33-26.jpg
04/01/2023 15:46,00:06:44,Harvey,00007868-PHOTO-2023-01-04-15-46-05.jpg
23/07/2022 11:53,00:06:47,George,00001348-PHOTO-2022-07-23-11-53-44.jpg
26/10/2022 21:59,00:06:52,Harvey,00005166-PHOTO-2022-10-26-21-59-08.jpg
21/11/2022 18:10,00:06:55,Harvey,00006497-PHOTO-2022-11-21-18-10-45.jpg
31/12/2022 14:13,00:06:55,George,00007678-PHOTO-2022-12-31-14-13-42.jpg
08/09/2022 12:03,00:06:57,Tom,00003122-PHOTO-2022-09-08-12-03-02.jpg
13/01/2023 23:57,00:06:57,Sal,00008308-PHOTO-2023-01-13-23-57-32.jpg
19/07/2022 08:45,00:06:58,Joe,00001165-PHOTO-2022-07-19-08-45-45.jpg
22/08/2022 16:48,00:07:08,Harvey,00002416-PHOTO-2022-08-22-16-48-10.jpg
16/11/2022 09:30,00:07:09,George,00006246-PHOTO-2022-11-16-09-30-25.jpg
01/09/2022 11:29,00:07:13,Tom,00002716-PHOTO-2022-09-01-11-29-56.jpg
23/09/2022 11:34,00:07:13,Joe,00003742-PHOTO-2022-09-23-11-34-32.jpg
14/11/2022 15:47,00:07:13,Joe,00006162-PHOTO-2022-11-14-15-47-12.jpg
18/11/2022 11:16,00:07:13,Tom,00006406-PHOTO-2022-11-18-11-16-01.jpg
09/09/2022 11:57,00:07:15,George,00003179-PHOTO-2022-09-09-11-57-14.jpg
14/06/2022 07:37,00:07:16,Tom,00000225-PHOTO-2022-06-14-07-37-27.jpg
19/07/2022 10:50,00:07:16,Harvey,00001169-PHOTO-2022-07-19-10-50-08.jpg
08/06/2022 01:20,00:07:17,Joe,00000095-PHOTO-2022-06-08-01-20-29.jpg
12/01/2023 11:12,00:07:18,George,00008129-PHOTO-2023-01-12-11-12-18.jpg
02/10/2022 13:26,00:07:22,George,00004122-PHOTO-2022-10-02-13-26-04.jpg
07/11/2022 10:42,00:07:23,Joe,00005670-PHOTO-2022-11-07-10-42-09.jpg
14/11/2022 20:33,00:07:23,Harvey,00006174-PHOTO-2022-11-14-20-33-31.jpg
09/07/2022 12:29,00:07:27,Oli,00000810-PHOTO-2022-07-09-12-29-43.jpg
13/01/2023 13:43,00:07:27,Harvey,00008282-PHOTO-2023-01-13-13-43-50.jpg
10/01/2023 20:27,00:07:31,Sal,00008059-PHOTO-2023-01-10-20-27-24.jpg
09/07/2022 12:00,00:07:32,Joe,00000809-PHOTO-2022-07-09-12-00-27.jpg
19/12/2022 13:26,00:07:33,Tom,00007297-PHOTO-2022-12-19-13-26-46.jpg
30/06/2022 08:28,00:07:34,Harvey,00000558-PHOTO-2022-06-30-08-28-54.jpg
19/01/2023 20:18,00:07:34,Harvey,00008656-PHOTO-2023-01-19-20-18-56.jpg
02/10/2022 11:50,00:07:35,Joe,00004099-PHOTO-2022-10-02-11-50-28.jpg
01/09/2022 11:21,00:07:38,Joe,00002711-PHOTO-2022-09-01-11-21-42.jpg
07/09/2022 13:27,00:07:39,Harvey,00003075-PHOTO-2022-09-07-13-27-39.jpg
08/09/2022 19:55,00:07:40,Harvey,00003162-PHOTO-2022-09-08-19-55-49.jpg
10/07/2022 10:46,00:07:44,Joe,00000814-PHOTO-2022-07-10-10-46-36.jpg
15/07/2022 11:06,00:07:46,George,00001025-PHOTO-2022-07-15-11-06-41.jpg
29/06/2022 02:26,00:07:50,Harvey,00000525-PHOTO-2022-06-29-02-26-31.jpg
14/10/2022 22:47,00:07:51,Oli,00004655-PHOTO-2022-10-14-22-47-09.jpg
20/07/2022 10:51,00:07:52,Harvey,00001183-PHOTO-2022-07-20-10-51-10.jpg
16/07/2022 14:17,00:07:53,Harvey,00001101-PHOTO-2022-07-16-14-17-03.jpg
06/07/2022 11:27,00:08:01,Harvey,00000700-PHOTO-2022-07-06-11-27-01.jpg
26/08/2022 15:52,00:08:03,Tom,00002549-PHOTO-2022-08-26-15-52-07.jpg
20/12/2022 08:47,00:08:04,Tom,00007313-PHOTO-2022-12-20-08-47-17.jpg
17/10/2022 14:13,00:08:05,Harvey,00004739-PHOTO-2022-10-17-14-13-59.jpg
02/08/2022 11:21,00:08:10,Joe,00001763-PHOTO-2022-08-02-11-21-06.jpg
03/07/2022 02:16,00:08:11,Tom,00000655-PHOTO-2022-07-03-02-16-21.jpg
11/06/2022 06:58,00:08:13,Tom,00000158-PHOTO-2022-06-11-06-58-07.jpg
17/11/2022 15:15,00:08:13,Tom,00006367-PHOTO-2022-11-17-15-15-13.jpg
10/06/2022 07:07,00:08:17,Tom,00000149-PHOTO-2022-06-10-07-07-27.jpg
14/07/2022 09:46,00:08:21,George,00000949-PHOTO-2022-07-14-09-46-22.jpg
14/06/2022 10:51,00:08:23,Joe,00000226-PHOTO-2022-06-14-10-51-47.jpg
25/10/2022 08:48,00:08:25,Tom,00005112-PHOTO-2022-10-25-08-48-09.jpg
10/07/2022 10:54,00:08:26,Harvey,00000817-PHOTO-2022-07-10-10-54-00.jpg
01/11/2022 12:06,00:08:26,Harvey,00005310-PHOTO-2022-11-01-12-06-39.jpg
16/10/2022 16:57,00:08:28,Joe,00004728-PHOTO-2022-10-16-16-57-02.jpg
07/09/2022 13:58,00:08:29,George,00003083-PHOTO-2022-09-07-13-58-24.jpg
10/07/2022 12:43,00:08:30,Oli,00000837-PHOTO-2022-07-10-12-43-58.jpg
19/07/2022 17:18,00:08:32,Tom,00001182-PHOTO-2022-07-19-17-18-45.jpg
09/08/2022 11:50,00:08:36,Tom,00002040-PHOTO-2022-08-09-11-50-45.jpg
11/01/2023 21:14,00:08:45,Sal,00008115-PHOTO-2023-01-11-21-14-11.jpg
24/07/2022 21:01,00:08:47,Oli,00001372-PHOTO-2022-07-24-21-01-52.jpg
22/12/2022 10:22,00:08:47,George,00007375-PHOTO-2022-12-22-10-22-57.jpg
06/01/2023 11:02,00:08:48,Tom,00007924-PHOTO-2023-01-06-11-02-38.jpg
13/10/2022 18:45,00:08:50,George,00004599-PHOTO-2022-10-13-18-45-05.jpg
16/11/2022 22:10,00:08:54,Oli,00006264-PHOTO-2022-11-16-22-10-45.jpg
08/08/2022 13:29,00:08:55,Harvey,00002000-PHOTO-2022-08-08-13-29-15.jpg
20/01/2023 10:56,00:08:55,Harvey,00008667-PHOTO-2023-01-20-10-56-07.jpg
22/12/2022 10:42,00:08:56,Oli,00007413-PHOTO-2022-12-22-10-42-35.jpg
06/08/2022 11:33,00:09:05,George,00001901-PHOTO-2022-08-06-11-33-41.jpg
04/12/2022 14:37,00:09:12,Harvey,00006742-PHOTO-2022-12-04-14-37-09.jpg
07/12/2022 23:18,00:09:12,Oli,00006914-PHOTO-2022-12-07-23-18-36.jpg
24/06/2022 09:38,00:09:13,George,00000439-PHOTO-2022-06-24-09-38-59.jpg
21/08/2022 01:22,00:09:13,George,00002403-PHOTO-2022-08-21-01-22-40.jpg
12/06/2022 00:39,00:09:14,Joe,00000180-PHOTO-2022-06-12-00-39-26.jpg
15/11/2022 14:25,00:09:14,George,00006215-PHOTO-2022-11-15-14-25-09.jpg
13/07/2022 09:35,00:09:16,George,00000895-PHOTO-2022-07-13-09-35-17.jpg
25/10/2022 12:09,00:09:18,Harvey,00005125-PHOTO-2022-10-25-12-09-44.jpg
21/07/2022 11:48,00:09:25,Tom,00001273-PHOTO-2022-07-21-11-48-00.jpg
15/08/2022 12:30,00:09:26,George,00002221-PHOTO-2022-08-15-12-30-32.jpg
22/09/2022 08:02,00:09:27,Tom,00003675-PHOTO-2022-09-22-08-02-48.jpg
30/09/2022 13:49,00:09:33,Harvey,00004051-PHOTO-2022-09-30-13-49-53.jpg
12/06/2022 07:49,00:09:37,Tom,00000190-PHOTO-2022-06-12-07-49-51.jpg
30/12/2022 15:59,00:09:47,Harvey,00007654-PHOTO-2022-12-30-15-59-09.jpg
31/07/2022 21:45,00:09:49,Oli,00001619-PHOTO-2022-07-31-21-45-53.jpg
07/11/2022 09:14,00:09:56,Tom,00005666-PHOTO-2022-11-07-09-14-31.jpg
20/10/2022 13:26,00:10:01,Harvey,00004934-PHOTO-2022-10-20-13-26-45.jpg
06/01/2023 10:29,00:10:14,Harvey,00007906-PHOTO-2023-01-06-10-29-07.jpg
23/09/2022 10:38,00:10:25,Tom,00003717-PHOTO-2022-09-23-10-38-19.jpg
03/07/2022 11:11,00:10:38,Harvey,00000657-PHOTO-2022-07-03-11-11-44.jpg
20/10/2022 10:40,00:10:47,Joe,00004904-PHOTO-2022-10-20-10-40-53.jpg
21/01/2023 09:54,00:10:48,Tom,00008711-PHOTO-2023-01-21-09-54-25.jpg
08/07/2022 11:37,00:10:50,Harvey,00000794-PHOTO-2022-07-08-11-37-21.jpg
08/08/2022 11:55,00:10:51,Tom,00001953-PHOTO-2022-08-08-11-55-57.jpg
07/10/2022 10:00,00:10:51,Tom,00004271-PHOTO-2022-10-07-10-00-57.jpg
18/08/2022 12:11,00:10:54,Joe,00002387-PHOTO-2022-08-18-12-11-06.jpg
02/09/2022 10:09,00:10:57,Joe,00002765-PHOTO-2022-09-02-10-09-44.jpg
10/08/2022 12:38,00:11:11,Harvey,00002082-PHOTO-2022-08-10-12-38-18.jpg
28/12/2022 09:52,00:11:11,Joe,00007632-PHOTO-2022-12-28-09-52-46.jpg
15/06/2022 10:07,00:11:18,Joe,00000246-PHOTO-2022-06-15-10-07-30.jpg
14/10/2022 08:12,00:11:22,Tom,00004638-PHOTO-2022-10-14-08-12-34.jpg
20/01/2023 18:51,00:11:24,Sal,00008706-PHOTO-2023-01-20-18-51-15.jpg
16/01/2023 17:59,00:11:26,Sal,00008395-PHOTO-2023-01-16-17-59-39.jpg
24/10/2022 10:18,00:11:28,Tom,00005079-PHOTO-2022-10-24-10-18-55.jpg
07/08/2022 13:23,00:11:31,Oli,00001925-PHOTO-2022-08-07-13-23-56.jpg
07/12/2022 09:31,00:11:38,Tom,00006873-PHOTO-2022-12-07-09-31-51.jpg
12/01/2023 23:42,00:11:41,Sal,00008240-PHOTO-2023-01-12-23-42-49.jpg
01/07/2022 09:39,00:11:42,Harvey,00000594-PHOTO-2022-07-01-09-39-17.jpg
29/09/2022 12:34,00:11:44,Harvey,00004004-PHOTO-2022-09-29-12-34-31.jpg
18/06/2022 10:24,00:11:47,Harvey,00000270-PHOTO-2022-06-18-10-24-05.jpg
27/07/2022 09:48,00:11:49,Harvey,00001467-PHOTO-2022-07-27-09-48-07.jpg
22/06/2022 00:35,00:11:50,Joe,00000360-PHOTO-2022-06-22-00-35-56.jpg
27/06/2022 09:39,00:12:01,Harvey,00000502-PHOTO-2022-06-27-09-39-45.jpg
21/08/2022 11:45,00:12:09,Tom,00002407-PHOTO-2022-08-21-11-45-24.jpg
21/06/2022 06:56,00:12:19,Tom,00000351-PHOTO-2022-06-21-06-56-58.jpg
30/11/2022 21:23,00:12:19,Joe,00006686-PHOTO-2022-11-30-21-23-16.jpg
17/11/2022 13:16,00:12:24,Oli,00006321-PHOTO-2022-11-17-13-16-46.jpg
16/12/2022 10:12,00:12:25,Harvey,00007188-PHOTO-2022-12-16-10-12-56.jpg
10/10/2022 14:58,00:12:29,Tom,00004454-PHOTO-2022-10-10-14-58-27.jpg
11/06/2022 11:34,00:12:41,Joe,00000159-PHOTO-2022-06-11-11-34-33.jpg
28/06/2022 12:28,00:12:43,Harvey,00000523-PHOTO-2022-06-28-12-28-59.jpg
23/12/2022 11:04,00:12:46,Harvey,00007466-PHOTO-2022-12-23-11-04-40.jpg
04/12/2022 14:30,00:12:47,Tom,00006741-PHOTO-2022-12-04-14-30-12.jpg
17/08/2022 12:05,00:12:59,Oli,00002374-PHOTO-2022-08-17-12-05-11.jpg
16/11/2022 12:00,00:13:06,Tom,00006256-PHOTO-2022-11-16-12-00-01.jpg
09/11/2022 15:18,00:13:11,Oli,00005831-PHOTO-2022-11-09-15-18-38.jpg
14/08/2022 11:14,00:13:14,Harvey,00002177-PHOTO-2022-08-14-11-14-34.jpg
04/06/2022 01:24,00:13:16,Harvey,00000023-PHOTO-2022-06-04-01-24-59.jpg
17/12/2022 22:16,00:13:30,Harvey,00007236-PHOTO-2022-12-17-22-16-06.jpg
07/10/2022 18:29,00:13:36,Joe,00004343-PHOTO-2022-10-07-18-29-02.jpg
17/11/2022 13:16,00:13:39,Harvey,00006318-PHOTO-2022-11-17-13-16-18.jpg
09/01/2023 19:53,00:13:46,Sal,00008025-PHOTO-2023-01-09-19-53-12.jpg
04/11/2022 10:55,00:13:50,Tom,00005528-PHOTO-2022-11-04-10-55-40.jpg
14/07/2022 12:11,00:13:51,Tom,00000967-PHOTO-2022-07-14-12-11-32.jpg
23/06/2022 15:36,00:13:53,Tom,00000411-PHOTO-2022-06-23-15-36-17.jpg
01/08/2022 11:33,00:14:02,Tom,00001691-PHOTO-2022-08-01-11-33-23.jpg
13/10/2022 10:52,00:14:08,Joe,00004586-PHOTO-2022-10-13-10-52-36.jpg
02/06/2022 16:18,00:14:14,Harvey,00000013-PHOTO-2022-06-02-16-18-56.jpg
15/06/2022 21:09,00:14:43,Tom,00000250-PHOTO-2022-06-15-21-09-14.jpg
03/06/2022 14:29,00:14:48,Harvey,00000018-PHOTO-2022-06-03-14-29-39.jpg
02/10/2022 12:21,00:14:53,Harvey,00004111-PHOTO-2022-10-02-12-21-02.jpg
06/07/2022 13:19,00:14:55,Tom,00000736-PHOTO-2022-07-06-13-19-08.jpg
28/11/2022 13:14,00:15:06,Tom,00006615-PHOTO-2022-11-28-13-14-05.jpg
14/09/2022 14:54,00:15:09,Joe,00003363-PHOTO-2022-09-14-14-54-02.jpg
05/06/2022 02:38,00:15:14,Harvey,00000038-PHOTO-2022-06-05-02-38-27.jpg
27/09/2022 13:49,00:15:21,Harvey,00003904-PHOTO-2022-09-27-13-49-58.jpg
03/11/2022 14:13,00:15:22,Tom,00005505-PHOTO-2022-11-03-14-13-07.jpg
11/08/2022 17:45,00:15:30,Harvey,00002120-PHOTO-2022-08-11-17-45-52.jpg
12/01/2023 12:19,00:15:33,Tom,00008145-PHOTO-2023-01-12-12-19-47.jpg
03/06/2022 14:33,00:15:34, Leah,00000019-PHOTO-2022-06-03-14-33-02.jpg
22/12/2022 10:44,00:15:34,Harvey,00007423-PHOTO-2022-12-22-10-44-53.jpg
09/12/2022 12:56,00:16:19,Harvey,00007009-PHOTO-2022-12-09-12-56-44.jpg
13/07/2022 10:04,00:16:23,Oli,00000898-PHOTO-2022-07-13-10-04-42.jpg
15/07/2022 09:42,00:16:36,Harvey,00001019-PHOTO-2022-07-15-09-42-55.jpg
15/01/2023 19:09,00:16:38,Tom,00008370-PHOTO-2023-01-15-19-09-49.jpg
07/07/2022 10:18,00:16:46,George,00000780-PHOTO-2022-07-07-10-18-08.jpg
14/06/2022 02:45,00:16:47,Harvey,00000224-PHOTO-2022-06-14-02-45-57.jpg
08/06/2022 08:24,00:17:13,Harvey,00000102-PHOTO-2022-06-08-08-24-24.jpg
15/08/2022 11:38,00:17:25,Tom,00002213-PHOTO-2022-08-15-11-38-40.jpg
16/06/2022 10:16,00:17:37,Joe,00000255-PHOTO-2022-06-16-10-16-55.jpg
26/06/2022 01:59,00:18:17,Harvey,00000483-PHOTO-2022-06-26-01-59-14.jpg
05/07/2022 09:24,00:18:59,Harvey,00000674-PHOTO-2022-07-05-09-24-47.jpg
21/07/2022 11:37,00:19:00,Harvey,00001258-PHOTO-2022-07-21-11-37-17.jpg
13/10/2022 19:50,00:19:02,Oli,00004614-PHOTO-2022-10-13-19-50-09.jpg
15/11/2022 19:11,00:19:09,Joe,00006222-PHOTO-2022-11-15-19-11-13.jpg
14/07/2022 14:43,00:19:13,Joe,00001001-PHOTO-2022-07-14-14-43-16.jpg
16/11/2022 22:22,00:19:13,Harvey,00006280-PHOTO-2022-11-16-22-22-01.jpg
22/06/2022 12:09,00:19:59,Tom,00000391-PHOTO-2022-06-22-12-09-29.jpg
24/07/2022 19:44,00:20:05,Harvey,00001359-PHOTO-2022-07-24-19-44-06.jpg
23/07/2022 10:54,00:20:07,Harvey,00001342-PHOTO-2022-07-23-10-54-20.jpg
12/01/2023 22:01,00:20:59,Harvey,00008228-PHOTO-2023-01-12-22-01-42.jpg
20/07/2022 12:11,00:21:20,Tom,00001199-PHOTO-2022-07-20-12-11-04.jpg
17/06/2022 13:59,00:21:56,Tom,00000266-PHOTO-2022-06-17-13-59-50.jpg
07/08/2022 13:34,00:22:26,Harvey,00001927-PHOTO-2022-08-07-13-34-55.jpg
17/06/2022 11:33,00:22:34,Harvey,00000258-PHOTO-2022-06-17-11-33-02.jpg
25/07/2022 12:15,00:22:38,Harvey,00001390-PHOTO-2022-07-25-12-15-48.jpg
16/06/2022 09:45,00:23:14,Harvey,00000251-PHOTO-2022-06-16-09-45-18.jpg
16/08/2022 11:29,00:23:14,Joe,00002323-PHOTO-2022-08-16-11-29-57.jpg
17/07/2022 10:17,00:23:26,Harvey,00001111-PHOTO-2022-07-17-10-17-33.jpg
15/07/2022 10:11,00:23:29,Oli,00001024-PHOTO-2022-07-15-10-11-54.jpg
31/12/2022 17:34,00:23:40,Tom,00007727-PHOTO-2022-12-31-17-34-01.jpg
18/08/2022 15:10,00:24:10,Harvey,00002390-PHOTO-2022-08-18-15-10-23.jpg
02/07/2022 12:36,00:24:12,Joe,00000652-PHOTO-2022-07-02-12-36-19.jpg
15/11/2022 13:57,00:25:04,Oli,00006190-PHOTO-2022-11-15-13-57-09.jpg
16/08/2022 11:48,00:25:18,Harvey,00002336-PHOTO-2022-08-16-11-48-41.jpg
09/11/2022 10:58,00:25:19,Harvey,00005805-PHOTO-2022-11-09-10-58-55.jpg
10/08/2022 19:20,00:25:22,Tom,00002095-PHOTO-2022-08-10-19-20-46.jpg
31/12/2022 17:17,00:26:47,Harvey,00007725-PHOTO-2022-12-31-17-17-45.jpg
06/06/2022 01:45,00:27:14,Harvey,00000039-PHOTO-2022-06-06-01-45-50.jpg
19/09/2022 10:23,00:28:40,Harvey,00003636-PHOTO-2022-09-19-10-23-56.jpg
07/10/2022 19:26,00:29:03,Harvey,00004409-PHOTO-2022-10-07-19-26-09.jpg
15/09/2022 23:08,00:29:48,Harvey,00003512-PHOTO-2022-09-15-23-08-42.jpg
09/12/2022 18:00,00:36:07,Tom,00007019-PHOTO-2022-12-09-18-00-05.jpg
14/07/2022 10:09,00:36:28,Harvey,00000955-PHOTO-2022-07-14-10-09-41.jpg
04/06/2022 10:45,00:36:59,Joe,00000024-PHOTO-2022-06-04-10-45-54.jpg
15/11/2022 13:57,00:37:04,Harvey,00006192-PHOTO-2022-11-15-13-57-13.jpg
15/06/2022 09:50,00:38:22,Harvey,00000239-PHOTO-2022-06-15-09-50-43.jpg
13/10/2022 19:50,00:49:46,Harvey,00004613-PHOTO-2022-10-13-19-50-08.jpg
